brand,model,year,km_driven,fuel,transmission,owner,engine,max_power,seats,selling_price
Volkswagen,Passat,2008,199393,Diesel,Manual,First Owner,1571,122,7,616371
Volkswagen,Tiguan,2010,159794,Diesel,Manual,First Owner,1383,181,4,819622
Kia,Cerato,2008,152127,Petrol,Automatic,First Owner,2839,371,5,1746249
Ford,Focus,2013,188013,Diesel,Automatic,Second Owner,1636,180,5,1397828
Toyota,Corolla,2020,30353,Diesel,Automatic,Third Owner,2083,92,7,1646620
Hyundai,Tucson,2011,246774,Diesel,Manual,Third Owner,2200,391,7,1328831
Ford,Mondeo,2014,189699,Petrol,Manual,Third Owner,1933,218,4,1392433
Ford,Focus,2011,104647,Diesel,Automatic,Third Owner,2494,153,5,1412421
Mercedes,C200,2016,188977,Hybrid,Manual,Third Owner,3600,157,7,3084124
Volkswagen,Passat,2013,126178,Diesel,Automatic,Third Owner,3818,355,4,2139228
Volkswagen,Polo,2009,65043,Petrol,Automatic,Second Owner,2096,103,4,1022301
Kia,Cerato,2018,60738,Hybrid,Automatic,Second Owner,3633,304,4,2513614
Mercedes,C200,2015,200294,Hybrid,Automatic,Third Owner,3394,289,7,3617306
Hyundai,Sonata,2015,41262,Hybrid,Automatic,First Owner,1192,126,4,1374283
Volkswagen,Passat,2021,161345,Petrol,Automatic,Second Owner,3440,309,7,1957072
Mercedes,GLA,2008,183332,Hybrid,Manual,Third Owner,3199,206,7,2743842
Mercedes,C200,2017,118971,Petrol,Automatic,First Owner,3957,204,7,3263683
Ford,Focus,2024,244239,Petrol,Automatic,Third Owner,3079,381,4,2373009
BMW,X5,2013,146394,Hybrid,Manual,Third Owner,2327,320,4,3170058
Toyota,Camry,2017,67770,Petrol,Manual,Third Owner,1322,113,7,983414
Hyundai,Elantra,2012,38657,Hybrid,Automatic,Third Owner,1676,205,7,2006433
Ford,Kuga,2021,60521,Hybrid,Manual,Third Owner,2276,274,7,2221491
Volkswagen,Polo,2022,240828,Hybrid,Automatic,First Owner,2015,185,4,1893223
Mercedes,C200,2015,159256,Petrol,Manual,First Owner,3899,393,4,3285125
BMW,320,2009,230348,Diesel,Manual,Third Owner,1974,212,7,2233746
Hyundai,Elantra,2012,194622,Hybrid,Automatic,First Owner,2937,278,4,1862944
Toyota,Corolla,2021,97876,Diesel,Automatic,Second Owner,3986,97,7,1721998
Volkswagen,Tiguan,2011,20889,Diesel,Automatic,First Owner,2018,168,4,1487276
Kia,Sportage,2012,115593,Petrol,Automatic,Second Owner,2023,108,5,1052168
Ford,Kuga,2011,18261,Hybrid,Manual,First Owner,1968,155,5,1452423
Hyundai,Sonata,2014,231662,Diesel,Manual,First Owner,2552,71,5,706720
Mercedes,E200,2017,115888,Hybrid,Automatic,First Owner,1777,221,4,3715115
Toyota,RAV4,2009,201077,Diesel,Manual,First Owner,3392,314,7,1339621
Ford,Kuga,2013,19910,Hybrid,Manual,First Owner,1280,374,4,1878523
Volkswagen,Passat,2020,36427,Hybrid,Manual,Third Owner,3435,90,7,2090777
Toyota,Camry,2024,87934,Diesel,Manual,Third Owner,3933,230,4,2005955
Mercedes,E200,2012,181079,Hybrid,Automatic,Second Owner,2295,107,4,2880921
Hyundai,Tucson,2011,24204,Hybrid,Manual,Third Owner,2086,137,5,1163041
Toyota,Corolla,2019,79707,Petrol,Automatic,Third Owner,3881,224,7,1933508
Ford,Kuga,2024,7050,Hybrid,Automatic,Third Owner,1424,138,5,2274029
Toyota,Corolla,2012,76394,Diesel,Manual,Third Owner,2404,174,7,1353581
Volkswagen,Polo,2024,133065,Diesel,Manual,First Owner,3598,286,5,2214275
Toyota,Corolla,2018,207144,Petrol,Automatic,First Owner,2809,352,7,1969714
Hyundai,Tucson,2008,34327,Petrol,Manual,Third Owner,1147,259,7,1105730
Kia,Rio,2021,38409,Petrol,Automatic,Second Owner,1163,253,4,1758353
Volkswagen,Passat,2011,97714,Hybrid,Automatic,Third Owner,1633,191,4,1469045
Ford,Focus,2021,11497,Petrol,Automatic,Second Owner,3743,197,5,2211860
BMW,X3,2011,105281,Petrol,Automatic,First Owner,1817,305,5,3233056
Mercedes,C200,2015,11203,Hybrid,Manual,Second Owner,2344,212,4,3460736
Ford,Mondeo,2019,173160,Hybrid,Automatic,Third Owner,3196,239,4,1916123
Toyota,Camry,2013,157198,Diesel,Manual,First Owner,3443,292,5,1630666
Volkswagen,Polo,2021,163914,Hybrid,Manual,Second Owner,3361,167,5,1886059
Toyota,RAV4,2021,5443,Hybrid,Manual,Second Owner,2766,105,7,1914975
Mercedes,GLA,2018,178903,Petrol,Automatic,Third Owner,2266,279,5,3371345
Hyundai,Tucson,2017,150335,Petrol,Manual,Second Owner,3723,264,7,1922429
Volkswagen,Passat,2017,111450,Hybrid,Manual,Second Owner,2175,177,5,1835542
Ford,Kuga,2018,126893,Diesel,Automatic,Third Owner,1875,331,5,1829081
Ford,Kuga,2013,177713,Petrol,Automatic,Third Owner,3719,394,7,1991042
Mercedes,C200,2015,181369,Diesel,Manual,First Owner,1603,82,4,2382401
BMW,X5,2010,124384,Diesel,Manual,Third Owner,3852,266,5,3140363
Hyundai,Elantra,2012,176981,Hybrid,Manual,First Owner,2741,182,4,1340311
Ford,Kuga,2024,126778,Petrol,Manual,First Owner,2869,138,5,1693945
Volkswagen,Tiguan,2018,202984,Diesel,Automatic,Third Owner,2826,151,7,1329481
Ford,Mondeo,2022,72945,Petrol,Automatic,Third Owner,2984,390,4,2397279
Mercedes,E200,2010,192051,Diesel,Manual,Second Owner,2375,233,7,2676526
Toyota,Corolla,2012,65623,Diesel,Manual,Third Owner,1876,102,5,1208590
Hyundai,Sonata,2022,113992,Petrol,Manual,Second Owner,2595,369,7,2172964
Toyota,RAV4,2020,130037,Petrol,Automatic,Second Owner,2597,284,7,2190005
Volkswagen,Tiguan,2015,132986,Petrol,Automatic,Second Owner,2989,84,5,1396623
Mercedes,GLA,2020,194839,Petrol,Automatic,First Owner,3548,343,4,3603254
Hyundai,Tucson,2008,27006,Hybrid,Automatic,First Owner,2891,163,4,1741347
Mercedes,E200,2018,60485,Diesel,Automatic,Second Owner,2552,212,5,3622535
Mercedes,C200,2023,10081,Hybrid,Manual,Second Owner,1918,105,7,3474664
Toyota,Corolla,2015,57261,Petrol,Manual,First Owner,1517,312,7,1877724
Toyota,RAV4,2014,126905,Hybrid,Automatic,Second Owner,1687,380,7,1756278
Volkswagen,Tiguan,2011,208893,Petrol,Automatic,First Owner,3370,83,5,1168499
Kia,Cerato,2020,108980,Hybrid,Manual,First Owner,3425,391,4,2586347
Toyota,RAV4,2017,227899,Hybrid,Manual,Third Owner,1168,247,7,1442050
Hyundai,Tucson,2019,23076,Hybrid,Automatic,First Owner,2720,320,4,2625612
Hyundai,Sonata,2022,190416,Petrol,Automatic,First Owner,3137,208,7,1611582
Ford,Kuga,2023,126863,Diesel,Automatic,Second Owner,2005,114,5,1649073
Hyundai,Elantra,2022,154382,Hybrid,Automatic,Second Owner,1117,323,5,2319852
BMW,X5,2014,98015,Diesel,Automatic,Second Owner,3441,211,7,3469304
Toyota,RAV4,2014,27442,Petrol,Automatic,Second Owner,3274,193,7,1740975
Hyundai,Tucson,2023,122486,Petrol,Manual,Second Owner,1907,277,7,1762303
BMW,X5,2019,129062,Hybrid,Automatic,Second Owner,3254,239,5,3702212
Volkswagen,Polo,2016,85379,Diesel,Manual,First Owner,3954,168,5,1779652
Toyota,RAV4,2013,55211,Petrol,Automatic,Second Owner,3967,371,7,2311440
Kia,Sportage,2011,223268,Petrol,Automatic,First Owner,2478,161,5,998199
Toyota,RAV4,2012,76909,Petrol,Manual,Third Owner,2196,134,7,1187572
Ford,Mondeo,2011,233778,Petrol,Automatic,Second Owner,2960,295,5,1478505
BMW,320,2016,230895,Diesel,Manual,First Owner,2641,321,4,3182156
Kia,Cerato,2009,44774,Petrol,Automatic,First Owner,2016,130,7,1082544
Ford,Mondeo,2015,208343,Hybrid,Automatic,Second Owner,2813,222,7,1761114
Hyundai,Sonata,2009,164811,Hybrid,Manual,First Owner,3562,178,5,1340861
Volkswagen,Passat,2013,67879,Petrol,Manual,First Owner,1010,279,5,1143714
Volkswagen,Tiguan,2023,81351,Petrol,Manual,Second Owner,3895,214,7,2150966
Ford,Mondeo,2010,185193,Petrol,Automatic,Third Owner,3415,171,5,1308522
Toyota,RAV4,2015,174773,Petrol,Automatic,First Owner,1292,100,4,1045021
Ford,Mondeo,2017,120121,Petrol,Automatic,Third Owner,2245,276,5,1801319
Kia,Cerato,2023,119755,Petrol,Manual,Second Owner,2320,379,5,1993684
Toyota,Corolla,2015,181763,Hybrid,Manual,Third Owner,2103,365,4,1851327
Ford,Focus,2023,141043,Hybrid,Automatic,Second Owner,1743,369,5,2500456
Volkswagen,Polo,2010,128210,Diesel,Automatic,Second Owner,2315,123,4,977988
Mercedes,E200,2023,80554,Hybrid,Automatic,Third Owner,1150,302,4,3892199
Mercedes,E200,2018,35388,Diesel,Manual,Third Owner,3222,306,5,3638131
Toyota,Corolla,2024,99838,Hybrid,Automatic,Third Owner,2810,96,4,2444751
Mercedes,GLA,2012,248183,Diesel,Automatic,Third Owner,2985,132,4,2607570
Volkswagen,Tiguan,2015,191065,Petrol,Automatic,Third Owner,1056,352,5,1644902
Toyota,Corolla,2011,125965,Petrol,Manual,Second Owner,3935,219,7,1424653
Volkswagen,Polo,2021,223817,Diesel,Automatic,First Owner,2870,352,4,1825050
Hyundai,Elantra,2024,200636,Petrol,Manual,Second Owner,2699,244,7,1809600
Mercedes,C200,2017,195329,Diesel,Automatic,First Owner,2829,345,5,3455226
Mercedes,E200,2020,124365,Diesel,Manual,Third Owner,1978,362,5,3822456
BMW,X5,2009,88408,Hybrid,Automatic,Third Owner,2561,267,7,3295979
Ford,Kuga,2012,134847,Petrol,Manual,Third Owner,3417,239,4,1485588
Ford,Mondeo,2011,142874,Diesel,Manual,Third Owner,1590,279,7,1195045
BMW,320,2023,209872,Diesel,Automatic,Third Owner,3837,273,7,3513004
Toyota,Camry,2020,88010,Hybrid,Automatic,Third Owner,1147,386,4,2632453
BMW,X3,2017,64634,Hybrid,Manual,Second Owner,1403,394,7,3828971
Ford,Focus,2022,48611,Hybrid,Automatic,First Owner,1188,236,4,2389632
Mercedes,E200,2019,117901,Petrol,Manual,Third Owner,2687,359,7,3378339
Ford,Focus,2013,50893,Petrol,Automatic,Third Owner,3798,193,5,2010833
Kia,Rio,2015,125887,Hybrid,Automatic,Second Owner,2045,74,5,1279698
Mercedes,GLA,2013,24362,Diesel,Automatic,Third Owner,2225,397,5,3715554
Volkswagen,Polo,2022,226591,Diesel,Manual,Second Owner,2979,124,4,1732236
Hyundai,Tucson,2019,155683,Diesel,Automatic,First Owner,3696,272,5,1924453
Toyota,RAV4,2009,243712,Hybrid,Automatic,Second Owner,1942,380,5,1618931
BMW,X3,2014,167762,Diesel,Manual,Third Owner,1397,391,7,3066473
Toyota,Camry,2022,13746,Hybrid,Automatic,Third Owner,1538,116,5,2017686
Mercedes,GLA,2021,51042,Petrol,Manual,Third Owner,2498,341,7,3442516
Mercedes,C200,2016,244612,Diesel,Automatic,Third Owner,2387,128,5,2699110
Toyota,Corolla,2015,230480,Hybrid,Automatic,Third Owner,2498,116,5,1294394
Toyota,Camry,2011,124219,Diesel,Automatic,Third Owner,2560,396,5,1946600
Toyota,RAV4,2015,128594,Petrol,Automatic,Third Owner,1906,102,7,1095798
Ford,Mondeo,2017,175194,Diesel,Manual,First Owner,1185,89,5,1132352
Hyundai,Elantra,2011,66551,Hybrid,Manual,Second Owner,2858,259,7,1675610
Volkswagen,Tiguan,2021,158967,Hybrid,Manual,Second Owner,3682,120,5,1836056
Kia,Sportage,2016,13576,Hybrid,Automatic,First Owner,2816,297,4,2559775
Ford,Mondeo,2011,184746,Diesel,Automatic,First Owner,2630,211,4,1117878
Toyota,Camry,2010,178740,Petrol,Manual,First Owner,2366,194,4,1016538
Ford,Kuga,2014,22985,Hybrid,Manual,Third Owner,1884,189,5,1905201
Ford,Focus,2008,77685,Petrol,Manual,Third Owner,2026,159,4,704907
Volkswagen,Passat,2012,8895,Diesel,Manual,Third Owner,2326,78,4,1153805
Mercedes,C200,2012,199436,Diesel,Manual,Third Owner,1260,313,5,2711610
Ford,Mondeo,2024,160625,Petrol,Automatic,Third Owner,1907,384,4,2442073
Volkswagen,Tiguan,2024,84070,Diesel,Manual,First Owner,2961,275,5,1977967
Volkswagen,Passat,2023,191751,Diesel,Manual,First Owner,2319,381,4,1868779
Toyota,Corolla,2016,168661,Hybrid,Automatic,Second Owner,3446,341,5,2410369
Hyundai,Tucson,2021,30999,Hybrid,Manual,Third Owner,3666,352,7,2762449
Ford,Focus,2021,123372,Petrol,Automatic,Second Owner,2857,274,5,2154379
Volkswagen,Passat,2018,116873,Diesel,Automatic,Second Owner,1625,312,4,1941971
Toyota,Corolla,2010,118213,Petrol,Automatic,First Owner,3278,100,7,1103270
Kia,Cerato,2018,180639,Petrol,Automatic,Second Owner,3725,286,7,2047310
Toyota,Camry,2017,97181,Petrol,Manual,First Owner,3689,316,4,2042948
Ford,Focus,2019,226609,Hybrid,Automatic,First Owner,2141,363,4,2118279
Ford,Mondeo,2008,164644,Hybrid,Automatic,First Owner,1738,209,7,1633778
Ford,Mondeo,2018,97018,Petrol,Manual,First Owner,3319,275,4,1962388
BMW,X3,2008,29053,Hybrid,Manual,Second Owner,2719,302,5,3126048
BMW,X5,2017,194162,Diesel,Manual,First Owner,1637,150,7,2680709
Toyota,RAV4,2010,76330,Diesel,Automatic,Second Owner,3486,296,5,1664037
Mercedes,C200,2024,34836,Diesel,Automatic,First Owner,2160,373,5,4204890
Kia,Cerato,2017,16905,Petrol,Automatic,Third Owner,1224,73,4,1556079
Mercedes,C200,2012,205320,Diesel,Automatic,Second Owner,1491,73,5,2172407
Volkswagen,Polo,2013,38865,Diesel,Manual,Third Owner,3288,251,4,1837476
Hyundai,Tucson,2009,119352,Petrol,Automatic,First Owner,2282,364,5,1725513
Kia,Sportage,2021,80894,Petrol,Automatic,First Owner,2330,157,7,1953521
Hyundai,Tucson,2019,28102,Diesel,Manual,First Owner,2784,371,5,2523414
Kia,Rio,2020,233202,Diesel,Automatic,First Owner,2364,156,4,1441387
Kia,Cerato,2011,144094,Hybrid,Manual,Second Owner,2438,400,4,1814451
BMW,320,2012,72100,Petrol,Manual,Third Owner,1626,108,4,2336272
Ford,Kuga,2023,126622,Hybrid,Automatic,Third Owner,3312,399,7,2768684
Kia,Sportage,2018,44572,Diesel,Manual,Second Owner,2811,393,5,2203440
Ford,Mondeo,2009,97259,Hybrid,Manual,Second Owner,2891,301,4,1792804
Toyota,Camry,2017,25114,Hybrid,Manual,Third Owner,3433,329,5,2478725
Hyundai,Tucson,2009,122894,Hybrid,Manual,Second Owner,3478,313,7,1932489
BMW,320,2022,32132,Diesel,Manual,Third Owner,3646,158,4,3479586
BMW,X3,2022,120191,Hybrid,Manual,Second Owner,2527,214,5,3791698
Hyundai,Sonata,2009,211891,Hybrid,Automatic,First Owner,2350,118,7,1134019
Volkswagen,Polo,2017,71059,Hybrid,Manual,Second Owner,1333,368,7,2535857
BMW,X5,2017,176980,Hybrid,Automatic,First Owner,3437,113,5,3387940
Kia,Sportage,2018,218171,Petrol,Manual,Third Owner,3746,286,7,1611984
Mercedes,C200,2019,85967,Petrol,Manual,Second Owner,2991,168,4,2986082
BMW,320,2010,82540,Petrol,Manual,Third Owner,2379,386,4,3229140
Kia,Sportage,2012,47532,Petrol,Manual,Third Owner,2792,92,5,1120216
Mercedes,GLA,2015,121444,Hybrid,Automatic,Third Owner,2838,189,7,3512412
BMW,X5,2023,241971,Petrol,Automatic,Third Owner,3336,295,5,3674943
Ford,Mondeo,2020,136833,Hybrid,Automatic,First Owner,1817,379,4,2435459
Ford,Mondeo,2009,173081,Diesel,Automatic,Third Owner,1420,334,4,1224818
Mercedes,C200,2013,76510,Diesel,Manual,Second Owner,1375,183,5,2433502
Mercedes,C200,2021,18960,Diesel,Automatic,First Owner,2581,111,5,3309752
BMW,320,2018,249010,Petrol,Automatic,First Owner,1563,89,5,2687389
Ford,Mondeo,2012,203925,Hybrid,Automatic,Second Owner,3520,72,4,1432264
Toyota,Camry,2014,223880,Petrol,Automatic,First Owner,2180,191,5,1069879
Toyota,Corolla,2015,115054,Hybrid,Automatic,First Owner,1454,325,7,2076469
Kia,Rio,2024,155745,Petrol,Manual,Second Owner,2758,70,7,1535007
Mercedes,C200,2021,54103,Hybrid,Manual,Third Owner,2477,104,7,3240765
Kia,Cerato,2024,150267,Petrol,Automatic,Second Owner,1178,395,5,2286724
Mercedes,E200,2008,98610,Petrol,Automatic,First Owner,3691,391,4,3442661
Ford,Kuga,2018,39972,Petrol,Automatic,Third Owner,2386,399,4,2204010
Ford,Kuga,2022,187292,Diesel,Manual,First Owner,1258,304,4,1727784
Mercedes,C200,2009,212384,Petrol,Manual,Second Owner,2270,333,5,2782349
Ford,Kuga,2023,71404,Petrol,Manual,Second Owner,2462,94,7,1773949
Mercedes,E200,2011,214542,Diesel,Automatic,Second Owner,2801,267,5,3066636
BMW,X5,2023,101297,Hybrid,Automatic,First Owner,3978,287,4,4054955
Hyundai,Tucson,2013,147992,Diesel,Automatic,First Owner,1327,237,7,1204892
Mercedes,E200,2022,162973,Hybrid,Automatic,First Owner,3825,297,5,4167559
Hyundai,Elantra,2019,166179,Diesel,Automatic,Third Owner,1234,108,7,1349809
Volkswagen,Polo,2019,139502,Hybrid,Manual,First Owner,1584,381,7,2238353
Ford,Mondeo,2009,38090,Petrol,Manual,Third Owner,2500,255,5,1964229
Kia,Rio,2012,183012,Diesel,Automatic,Second Owner,2818,109,7,1214809
BMW,X3,2019,109342,Diesel,Automatic,First Owner,1464,83,7,3028750
BMW,X5,2024,106446,Hybrid,Manual,Second Owner,2066,298,4,3985108
Kia,Sportage,2023,57475,Petrol,Manual,First Owner,2851,158,7,1955408
Hyundai,Elantra,2018,180070,Diesel,Manual,Third Owner,3220,218,5,1520569
Ford,Focus,2013,213062,Diesel,Manual,First Owner,1823,141,4,963671
Ford,Mondeo,2008,99606,Hybrid,Automatic,Second Owner,3259,136,7,1413714
Toyota,Corolla,2017,109375,Hybrid,Automatic,Third Owner,2682,279,7,2195527
Toyota,Corolla,2018,173385,Petrol,Automatic,Second Owner,3785,334,5,2083175
BMW,X3,2013,206269,Petrol,Automatic,Third Owner,1226,133,7,2466143
BMW,X5,2013,47458,Diesel,Manual,Second Owner,3125,215,4,3408532
Mercedes,C200,2016,37812,Hybrid,Automatic,Third Owner,3185,117,7,3214536
Volkswagen,Passat,2012,49879,Hybrid,Automatic,Third Owner,1168,84,4,1488381
Toyota,RAV4,2016,175689,Petrol,Automatic,Third Owner,3617,85,5,1161764
Volkswagen,Tiguan,2017,173272,Diesel,Automatic,First Owner,3805,277,5,1895916
Hyundai,Elantra,2009,46439,Diesel,Automatic,Second Owner,2902,174,5,1590764
Kia,Rio,2018,230833,Hybrid,Automatic,Third Owner,2414,274,4,1995076
Ford,Mondeo,2024,152233,Petrol,Automatic,First Owner,2910,132,5,1700372
Hyundai,Elantra,2012,30378,Petrol,Automatic,Second Owner,3520,284,4,1869948
Ford,Focus,2018,249777,Hybrid,Automatic,First Owner,1652,325,7,2062685
Hyundai,Sonata,2017,135382,Petrol,Manual,Second Owner,3070,304,4,1690181
BMW,X3,2019,17755,Petrol,Automatic,Second Owner,3447,310,5,3939008
Kia,Rio,2011,117965,Petrol,Automatic,Third Owner,2498,276,5,1585605
Toyota,Camry,2009,154495,Hybrid,Manual,Second Owner,3266,217,4,1375669
Hyundai,Tucson,2022,205383,Hybrid,Automatic,Third Owner,3786,382,4,3033725
BMW,320,2020,102831,Diesel,Automatic,First Owner,1815,378,7,3806675
Hyundai,Tucson,2009,16876,Petrol,Manual,Third Owner,2364,312,7,1247076
Hyundai,Elantra,2024,41642,Diesel,Automatic,First Owner,2609,385,7,2698534
Ford,Mondeo,2018,137989,Hybrid,Automatic,Third Owner,3305,223,5,2078004
Ford,Focus,2019,91832,Hybrid,Manual,Second Owner,3390,227,7,2270201
Ford,Kuga,2008,161476,Diesel,Automatic,Third Owner,3369,365,4,1576019
Volkswagen,Passat,2023,49698,Hybrid,Automatic,First Owner,3788,194,4,2586593
Kia,Cerato,2011,55012,Petrol,Automatic,Second Owner,2715,147,5,1490474
Volkswagen,Passat,2021,136548,Hybrid,Automatic,Third Owner,3979,101,7,2256117
BMW,X3,2014,152033,Diesel,Automatic,Third Owner,2543,230,4,2872339
Hyundai,Tucson,2018,148202,Diesel,Automatic,Third Owner,2983,168,4,1620870
Mercedes,GLA,2017,63947,Diesel,Automatic,Third Owner,1849,320,5,3428214
Hyundai,Sonata,2016,80442,Petrol,Automatic,Second Owner,2413,144,5,1463066
Toyota,Camry,2010,95797,Diesel,Automatic,Third Owner,2962,179,4,1665024
Ford,Kuga,2016,249586,Hybrid,Automatic,First Owner,1447,385,7,2041125
Kia,Rio,2015,18307,Hybrid,Manual,Third Owner,1953,96,4,1357203
Hyundai,Sonata,2023,31357,Hybrid,Manual,First Owner,3254,150,5,2388065
Volkswagen,Polo,2023,175534,Petrol,Automatic,Second Owner,2169,400,4,2642605
Ford,Focus,2015,145286,Hybrid,Manual,First Owner,2711,160,4,1720947
Ford,Mondeo,2023,53840,Hybrid,Automatic,First Owner,1037,222,7,2024964
Kia,Rio,2018,79596,Diesel,Automatic,First Owner,3065,309,5,2100422
BMW,320,2018,47596,Hybrid,Automatic,Third Owner,2053,165,4,3715294
Volkswagen,Polo,2017,153840,Hybrid,Manual,First Owner,3502,397,5,2253969
Ford,Mondeo,2024,90964,Petrol,Automatic,Third Owner,1390,164,4,1903144
Hyundai,Sonata,2015,6790,Diesel,Automatic,First Owner,2829,206,5,1991965
Mercedes,GLA,2008,73564,Hybrid,Automatic,Third Owner,1967,101,7,2661382
Toyota,Camry,2017,46868,Diesel,Automatic,Third Owner,1480,397,5,2161835
Mercedes,GLA,2015,62443,Petrol,Automatic,First Owner,2863,380,5,3218373
Hyundai,Tucson,2023,203534,Hybrid,Manual,First Owner,3786,375,4,2394673
Kia,Sportage,2024,189488,Diesel,Manual,Third Owner,1459,101,7,1254488
Kia,Rio,2012,48132,Diesel,Automatic,First Owner,3786,175,7,1521968
Kia,Sportage,2010,240638,Hybrid,Automatic,First Owner,2857,137,7,1534635
Hyundai,Sonata,2009,151485,Diesel,Automatic,Third Owner,1089,272,5,975858
Ford,Focus,2014,156600,Petrol,Manual,Second Owner,2411,102,7,937443
Toyota,Corolla,2023,13319,Diesel,Automatic,First Owner,1554,398,7,2571073
Volkswagen,Polo,2019,238657,Diesel,Automatic,Second Owner,2538,111,7,1547076
Volkswagen,Tiguan,2012,176320,Diesel,Manual,First Owner,3200,271,7,1189480
BMW,X3,2015,223843,Petrol,Manual,Second Owner,2896,348,5,3281188
Kia,Sportage,2015,69883,Diesel,Automatic,First Owner,2129,166,7,1546118
Ford,Focus,2009,217199,Hybrid,Automatic,Third Owner,1064,193,4,1010475
Toyota,Corolla,2009,122031,Hybrid,Manual,First Owner,1181,275,5,1439903
BMW,X3,2014,202757,Petrol,Manual,Third Owner,2184,189,7,2624444
Kia,Sportage,2018,67102,Diesel,Manual,Third Owner,3135,183,5,1603513
Mercedes,E200,2009,150940,Hybrid,Manual,Third Owner,3780,288,7,3245590
Hyundai,Elantra,2019,173641,Hybrid,Automatic,Third Owner,2305,283,5,2098170
BMW,X5,2020,53202,Hybrid,Automatic,First Owner,1923,223,7,3756573
BMW,X5,2009,152426,Diesel,Automatic,Third Owner,3170,138,5,2764967
BMW,X5,2014,91576,Hybrid,Manual,Second Owner,2519,117,7,3225100
Volkswagen,Passat,2009,75375,Diesel,Manual,First Owner,1770,370,7,1304077
Volkswagen,Tiguan,2014,130670,Petrol,Automatic,Second Owner,1062,178,4,1562915
Volkswagen,Passat,2023,244715,Petrol,Manual,Second Owner,1980,352,5,1544756
Ford,Mondeo,2020,127224,Hybrid,Automatic,Second Owner,2071,254,7,2168434
Hyundai,Sonata,2011,215453,Hybrid,Automatic,Second Owner,1832,259,5,1629641
Hyundai,Elantra,2015,199314,Petrol,Manual,Second Owner,3266,369,7,1805920
Volkswagen,Polo,2017,44953,Petrol,Automatic,First Owner,2555,361,4,2152439
Hyundai,Tucson,2018,72456,Diesel,Automatic,Second Owner,1689,250,4,1802219
BMW,X3,2023,53247,Hybrid,Manual,Third Owner,1138,108,7,3210255
Toyota,Corolla,2021,41042,Hybrid,Manual,First Owner,3896,147,4,2131411
BMW,X3,2022,102832,Petrol,Automatic,Third Owner,2998,78,4,3366476
Kia,Cerato,2021,8106,Petrol,Automatic,Third Owner,2174,78,7,1808440
Ford,Kuga,2021,216332,Petrol,Manual,First Owner,3147,146,4,1350449
BMW,X3,2024,71169,Diesel,Automatic,Second Owner,1323,261,5,3743551
Hyundai,Tucson,2015,187776,Petrol,Automatic,Third Owner,1330,86,4,1035042
Hyundai,Sonata,2020,149887,Diesel,Manual,Third Owner,1038,157,4,1370355
Hyundai,Sonata,2018,153335,Petrol,Manual,First Owner,1865,360,5,1867524
Mercedes,C200,2010,184418,Diesel,Manual,First Owner,2288,78,4,2045014
Kia,Rio,2020,248498,Petrol,Automatic,First Owner,3309,193,7,1597826
Ford,Mondeo,2018,105622,Hybrid,Manual,Third Owner,3966,110,7,1970750
Volkswagen,Polo,2009,30607,Diesel,Manual,First Owner,2395,379,7,1787091
Kia,Sportage,2018,12766,Hybrid,Automatic,Second Owner,3009,186,5,2287682
Kia,Sportage,2021,53690,Hybrid,Automatic,First Owner,3533,221,4,2542669
Volkswagen,Passat,2010,75247,Petrol,Automatic,Third Owner,3596,148,7,1650555
Hyundai,Sonata,2019,32931,Petrol,Manual,Second Owner,2821,254,5,1853552
Toyota,Corolla,2010,54123,Diesel,Automatic,Third Owner,3272,332,5,1994618
Toyota,Corolla,2010,97776,Hybrid,Manual,Third Owner,3449,236,5,1681469
Toyota,Camry,2021,106659,Petrol,Manual,Third Owner,3134,156,7,1664129
Hyundai,Elantra,2012,75495,Diesel,Automatic,Second Owner,1597,102,4,1308376
Hyundai,Sonata,2021,83578,Diesel,Manual,Second Owner,2030,196,7,1801156
Volkswagen,Polo,2014,125025,Petrol,Manual,Second Owner,1027,272,5,1406026
Ford,Kuga,2020,215783,Diesel,Automatic,Second Owner,2763,374,4,2313705
Mercedes,E200,2014,130569,Diesel,Manual,Second Owner,2307,219,7,2835562
Volkswagen,Tiguan,2023,155963,Petrol,Automatic,Second Owner,2148,271,5,2140066
Toyota,RAV4,2014,160248,Hybrid,Manual,Third Owner,3253,83,7,1328413
Hyundai,Tucson,2014,119938,Diesel,Manual,Second Owner,3756,325,4,1884648
Volkswagen,Polo,2015,71238,Hybrid,Manual,Third Owner,2733,263,4,1955452
Hyundai,Tucson,2023,157631,Diesel,Automatic,Third Owner,1150,254,7,1856787
Ford,Kuga,2010,33670,Petrol,Automatic,First Owner,3650,383,4,2226933
Kia,Cerato,2020,202311,Diesel,Automatic,First Owner,1043,120,5,1129094
BMW,X3,2024,151274,Hybrid,Manual,Second Owner,2532,270,5,4066110
Ford,Kuga,2024,44516,Diesel,Manual,Second Owner,1428,221,5,1726765
Toyota,Corolla,2012,96312,Diesel,Automatic,Second Owner,1847,336,5,1542297
Mercedes,E200,2011,119862,Hybrid,Automatic,Second Owner,1275,223,4,3232742
Ford,Kuga,2011,10920,Diesel,Manual,Third Owner,1673,194,7,1382859
BMW,X3,2013,91766,Hybrid,Automatic,Second Owner,1949,277,7,3544935
BMW,320,2021,108699,Petrol,Manual,Second Owner,3425,289,5,3663103
Toyota,RAV4,2014,58945,Diesel,Manual,Third Owner,1416,344,4,1652672
Mercedes,E200,2014,124944,Petrol,Automatic,Third Owner,3004,340,7,3316123
Mercedes,GLA,2020,165250,Diesel,Manual,Second Owner,2441,304,7,3307020
BMW,X3,2017,245827,Hybrid,Manual,Third Owner,1548,230,4,2863971
BMW,X5,2011,52984,Diesel,Manual,Third Owner,2591,284,7,3188949
BMW,X3,2020,115897,Petrol,Automatic,Third Owner,3201,400,4,3926297
Kia,Rio,2023,80716,Petrol,Manual,Second Owner,2847,387,4,2259293
Ford,Mondeo,2008,132037,Petrol,Manual,Second Owner,3300,328,7,1402718
Hyundai,Sonata,2023,113955,Hybrid,Automatic,Second Owner,1685,112,7,2016779
Toyota,Corolla,2017,13570,Diesel,Manual,Third Owner,2182,156,5,1455601
Kia,Cerato,2023,149107,Hybrid,Manual,Third Owner,1467,207,7,1766002
Ford,Mondeo,2009,204230,Hybrid,Automatic,Third Owner,1895,287,4,1579843
Volkswagen,Tiguan,2015,83042,Petrol,Automatic,Second Owner,2427,114,5,1469710
Ford,Focus,2015,60018,Hybrid,Automatic,Third Owner,3499,393,5,2561272
BMW,X3,2012,210743,Petrol,Manual,First Owner,3335,249,7,2730608
Mercedes,GLA,2013,89843,Hybrid,Automatic,Second Owner,3345,206,7,3521871
Volkswagen,Passat,2012,201632,Diesel,Manual,Second Owner,3686,134,7,867423
Ford,Focus,2015,43336,Hybrid,Automatic,First Owner,3769,271,5,2195058
BMW,X3,2016,169577,Diesel,Automatic,Second Owner,1309,394,4,3234429
Hyundai,Tucson,2016,187112,Diesel,Automatic,Second Owner,2340,367,4,1862258
Ford,Kuga,2010,196609,Diesel,Automatic,First Owner,3189,273,4,1514268
Hyundai,Elantra,2023,75395,Diesel,Automatic,Second Owner,3241,365,4,2819163
Kia,Sportage,2018,239397,Hybrid,Manual,First Owner,1407,390,5,2035904
Toyota,Corolla,2013,120680,Diesel,Manual,Second Owner,1828,137,7,1001349
Mercedes,C200,2016,29468,Hybrid,Automatic,Second Owner,1337,260,7,3588761
Volkswagen,Passat,2009,108898,Hybrid,Automatic,Third Owner,3864,189,5,1633924
Volkswagen,Passat,2011,5284,Petrol,Automatic,First Owner,1543,373,4,1900605
Kia,Cerato,2022,7434,Petrol,Automatic,First Owner,2729,137,5,1993683
Toyota,Corolla,2020,28417,Hybrid,Manual,First Owner,2283,258,5,2279023
BMW,X5,2012,173185,Hybrid,Manual,First Owner,3172,358,4,3300345
Kia,Cerato,2013,120369,Diesel,Manual,Third Owner,1620,280,7,1430163
Volkswagen,Polo,2014,27724,Petrol,Manual,First Owner,3414,266,5,2051562
Hyundai,Sonata,2012,69955,Diesel,Manual,First Owner,3266,377,7,1876175
Volkswagen,Tiguan,2017,209202,Hybrid,Manual,Third Owner,2235,175,7,1564602
Kia,Cerato,2014,201042,Diesel,Automatic,Third Owner,1223,192,5,1264887
Hyundai,Elantra,2015,135962,Hybrid,Manual,Third Owner,1049,254,5,1510242
BMW,X5,2021,100790,Hybrid,Manual,Second Owner,1298,78,7,3071733
Toyota,Corolla,2016,61555,Petrol,Manual,Second Owner,3075,216,7,1680028
Volkswagen,Tiguan,2021,116037,Hybrid,Automatic,First Owner,3623,344,7,2736027
Kia,Rio,2016,26914,Diesel,Manual,Third Owner,1832,149,7,1277520
Mercedes,E200,2010,86309,Hybrid,Automatic,Third Owner,1977,99,4,2875108
Toyota,Camry,2011,123848,Hybrid,Manual,Second Owner,3728,159,4,1633703
Toyota,RAV4,2012,188893,Petrol,Manual,Second Owner,2420,337,7,1645385
Ford,Kuga,2016,48768,Diesel,Manual,Third Owner,2100,130,4,1486354
Mercedes,E200,2016,142325,Petrol,Automatic,Third Owner,3361,391,4,4019977
Hyundai,Sonata,2024,99404,Petrol,Automatic,Third Owner,1683,258,4,1983539
Mercedes,C200,2011,64874,Hybrid,Manual,First Owner,1050,195,4,2996100
Hyundai,Sonata,2020,246231,Petrol,Manual,First Owner,3264,284,4,1734639
Mercedes,C200,2021,245085,Hybrid,Automatic,Second Owner,1319,362,5,3991150
Toyota,RAV4,2009,52014,Petrol,Manual,Second Owner,1282,308,5,1187027
Ford,Mondeo,2018,27645,Hybrid,Automatic,First Owner,2511,172,5,2025401
Kia,Sportage,2015,126615,Diesel,Automatic,First Owner,4000,349,4,2079361
BMW,320,2021,11267,Petrol,Automatic,Third Owner,3840,74,5,3169881
Toyota,RAV4,2020,227561,Hybrid,Automatic,First Owner,1840,341,4,2094514
Hyundai,Sonata,2009,42322,Hybrid,Automatic,First Owner,1179,188,7,1398336
Hyundai,Tucson,2019,125182,Hybrid,Manual,Third Owner,1391,328,4,2050845
Volkswagen,Polo,2010,160161,Hybrid,Manual,Second Owner,3713,136,4,1427891
Mercedes,E200,2018,247756,Diesel,Automatic,Second Owner,2854,209,4,3336513
Toyota,Corolla,2012,209455,Hybrid,Manual,First Owner,1432,154,5,1223453
Hyundai,Sonata,2021,36650,Hybrid,Automatic,First Owner,2851,227,5,2385314
Mercedes,C200,2010,46317,Hybrid,Automatic,Third Owner,3854,378,4,3795703
BMW,X5,2012,28910,Hybrid,Manual,Second Owner,2623,332,4,3639417
Volkswagen,Polo,2016,219981,Petrol,Manual,Second Owner,2852,354,7,1474803
Kia,Rio,2011,126121,Petrol,Manual,First Owner,1048,101,4,982176
BMW,320,2020,102580,Hybrid,Manual,Third Owner,3400,202,4,3786756
Toyota,Corolla,2014,241583,Hybrid,Automatic,First Owner,1376,239,4,1450357
Toyota,Camry,2009,49037,Hybrid,Automatic,Third Owner,2617,324,4,1797505
Hyundai,Tucson,2021,50300,Diesel,Manual,First Owner,2126,213,5,2003880
BMW,320,2015,174680,Diesel,Automatic,Second Owner,3255,315,4,3359209
Toyota,Camry,2020,40975,Diesel,Manual,Third Owner,3153,197,7,2069172
Ford,Kuga,2008,105269,Hybrid,Automatic,Second Owner,3230,318,5,1729797
Kia,Cerato,2018,106811,Diesel,Manual,First Owner,2306,375,4,1879871
Toyota,Camry,2009,216983,Diesel,Automatic,Third Owner,1953,151,4,887270
BMW,X3,2015,74868,Hybrid,Manual,First Owner,3358,268,5,3581011
Ford,Focus,2013,67010,Hybrid,Automatic,Third Owner,3857,253,7,2159520
Toyota,RAV4,2019,153806,Hybrid,Manual,Third Owner,1771,322,7,2106465
Mercedes,C200,2023,14951,Petrol,Manual,First Owner,3464,182,4,3434554
Kia,Sportage,2008,91962,Hybrid,Manual,First Owner,2395,160,5,1253969
Toyota,Corolla,2012,158776,Hybrid,Manual,First Owner,3155,256,4,1713742
Mercedes,GLA,2020,158620,Petrol,Automatic,Second Owner,2321,139,4,3155575
Volkswagen,Polo,2023,175178,Diesel,Manual,Third Owner,3301,384,5,2361536
BMW,X3,2013,104191,Diesel,Automatic,First Owner,1727,70,7,2406971
Kia,Sportage,2009,52731,Hybrid,Automatic,Third Owner,1904,397,7,1892520
Toyota,Camry,2012,91813,Hybrid,Manual,First Owner,2420,233,4,1853525
Volkswagen,Passat,2018,122081,Petrol,Automatic,First Owner,2022,104,5,1468985
Mercedes,C200,2008,17621,Diesel,Automatic,Third Owner,2718,155,5,2747685
Hyundai,Sonata,2019,148136,Diesel,Manual,Second Owner,3367,185,4,1853950
Hyundai,Elantra,2009,82308,Petrol,Automatic,Second Owner,1428,107,5,984435
BMW,X5,2013,196885,Petrol,Manual,Second Owner,3433,384,5,3408074
Volkswagen,Passat,2021,176346,Petrol,Automatic,First Owner,1219,121,5,1392785
BMW,320,2021,187765,Hybrid,Automatic,Third Owner,2153,222,4,3861532
Toyota,Corolla,2020,154886,Hybrid,Automatic,First Owner,1223,254,4,2271979
Hyundai,Elantra,2017,220979,Hybrid,Automatic,First Owner,1397,83,4,1287747
BMW,X3,2017,26479,Diesel,Manual,Second Owner,2628,311,5,3614477
Volkswagen,Polo,2010,173261,Hybrid,Automatic,First Owner,2519,265,5,1790634
BMW,X5,2009,74021,Diesel,Automatic,Second Owner,1926,207,7,3013652
Toyota,Corolla,2011,27467,Hybrid,Automatic,Third Owner,2695,371,4,2182077
Kia,Rio,2020,219540,Hybrid,Automatic,Third Owner,3814,313,7,2518427
BMW,X5,2017,25697,Diesel,Manual,Third Owner,3339,334,7,3793219
Volkswagen,Tiguan,2012,36531,Diesel,Manual,First Owner,1867,168,4,963177
Toyota,Camry,2010,184077,Diesel,Manual,Third Owner,1605,374,5,1130107
Mercedes,GLA,2010,27813,Diesel,Automatic,Third Owner,2335,211,7,2716239
Hyundai,Elantra,2024,209914,Diesel,Manual,Second Owner,1612,145,7,1344060
Kia,Cerato,2011,247464,Petrol,Manual,Second Owner,3193,246,5,1256653
Mercedes,E200,2023,154952,Hybrid,Automatic,First Owner,1705,211,5,3848699
BMW,X3,2020,15166,Diesel,Automatic,Third Owner,1973,95,7,3214232
Hyundai,Sonata,2019,10303,Diesel,Automatic,Second Owner,2148,321,7,2498386
Volkswagen,Passat,2015,40228,Diesel,Automatic,Second Owner,2103,283,7,1685478
Volkswagen,Passat,2014,120793,Petrol,Automatic,Third Owner,2984,334,5,1685506
Ford,Focus,2024,212484,Petrol,Manual,Second Owner,3906,329,5,2175099
BMW,X3,2008,50544,Petrol,Manual,First Owner,2021,86,5,2374671
Toyota,Camry,2014,76821,Diesel,Automatic,Third Owner,2625,395,4,2122703
Volkswagen,Passat,2015,102639,Diesel,Automatic,First Owner,2943,370,7,1801055
Mercedes,E200,2013,224585,Diesel,Manual,Second Owner,1112,267,4,2521761
BMW,X3,2014,229686,Petrol,Manual,Third Owner,1846,207,7,2339357
Hyundai,Tucson,2008,231657,Hybrid,Manual,Second Owner,1541,158,7,963286
Ford,Focus,2015,71162,Hybrid,Automatic,Third Owner,3905,399,5,2745915
Hyundai,Sonata,2019,125323,Diesel,Manual,Second Owner,2237,336,7,1733922
Hyundai,Tucson,2011,6926,Hybrid,Automatic,Third Owner,3651,374,7,2441717
Mercedes,E200,2011,131284,Petrol,Automatic,Second Owner,3623,236,5,2961999
Mercedes,GLA,2017,54377,Petrol,Manual,First Owner,3457,276,7,3440394
Mercedes,GLA,2012,194080,Petrol,Automatic,Second Owner,2062,284,5,3074411
Hyundai,Tucson,2009,157836,Hybrid,Manual,Second Owner,3975,183,7,1340219
Kia,Cerato,2023,242640,Hybrid,Automatic,Third Owner,2229,157,7,1967176
Kia,Rio,2017,30586,Diesel,Manual,Third Owner,2059,356,4,1908139
Volkswagen,Polo,2010,63262,Diesel,Manual,Third Owner,2257,285,5,1305595
Mercedes,E200,2017,126572,Petrol,Automatic,First Owner,3598,368,7,3740501
Kia,Rio,2023,238157,Petrol,Manual,Third Owner,2563,341,5,1755349
Hyundai,Elantra,2012,41009,Petrol,Automatic,Second Owner,3332,304,4,1894734
Mercedes,GLA,2013,209194,Petrol,Automatic,Second Owner,3584,160,5,2689530
Volkswagen,Passat,2008,123503,Diesel,Manual,First Owner,3360,151,5,1329202
Ford,Focus,2012,166082,Diesel,Automatic,Second Owner,2757,314,5,1671675
Toyota,Corolla,2014,196537,Diesel,Manual,Second Owner,3175,167,4,1095717
Volkswagen,Passat,2015,64314,Hybrid,Automatic,Second Owner,1528,122,5,1687668
Kia,Cerato,2017,48783,Petrol,Manual,Second Owner,2191,303,7,1821734
Kia,Cerato,2024,93561,Diesel,Manual,Second Owner,3007,253,4,2063282
BMW,X5,2008,64878,Petrol,Manual,First Owner,1089,371,7,2953219
BMW,320,2019,191413,Hybrid,Manual,Second Owner,3622,200,7,3524100
Kia,Rio,2009,178531,Petrol,Manual,First Owner,3825,129,5,909612
Hyundai,Sonata,2011,148466,Diesel,Automatic,Third Owner,1627,175,7,1048245
Volkswagen,Tiguan,2008,83935,Diesel,Manual,Third Owner,3131,208,7,1180522
Kia,Cerato,2012,114792,Petrol,Manual,Second Owner,1466,124,5,555027
BMW,X3,2014,208937,Diesel,Manual,Second Owner,3881,279,5,2834497
BMW,320,2023,243644,Petrol,Automatic,Second Owner,1960,71,4,3039243
Volkswagen,Passat,2011,223951,Hybrid,Automatic,First Owner,1368,331,4,1881543
Volkswagen,Tiguan,2011,242182,Diesel,Manual,Second Owner,2212,205,5,872580
Toyota,Corolla,2013,234150,Petrol,Automatic,Second Owner,3772,230,5,1608983
Volkswagen,Passat,2011,228149,Petrol,Manual,First Owner,3717,157,5,1090439
Mercedes,E200,2016,235287,Hybrid,Manual,Second Owner,2403,163,4,3359208
Hyundai,Sonata,2022,76259,Diesel,Automatic,Second Owner,3657,155,4,2251468
BMW,X3,2009,226341,Petrol,Manual,Second Owner,3419,317,7,2783480
Volkswagen,Polo,2013,165254,Diesel,Automatic,Third Owner,1118,136,5,883860
Hyundai,Elantra,2021,120523,Petrol,Manual,Second Owner,3682,230,4,1695287
Volkswagen,Tiguan,2024,206203,Hybrid,Manual,Third Owner,2385,335,7,2313363
Volkswagen,Tiguan,2011,118468,Hybrid,Manual,Second Owner,2416,398,5,1857011
BMW,X3,2009,8052,Hybrid,Manual,Third Owner,2922,323,4,3266357
Toyota,Camry,2018,68148,Diesel,Automatic,First Owner,3076,184,7,1788118
Volkswagen,Polo,2020,219198,Petrol,Manual,Second Owner,2819,363,5,1729721
Toyota,Camry,2022,87853,Petrol,Automatic,Third Owner,3676,79,4,2126265
Hyundai,Sonata,2009,151048,Hybrid,Manual,First Owner,3474,386,7,2066249
Mercedes,GLA,2014,176598,Hybrid,Automatic,Second Owner,2488,97,4,2961308
Ford,Mondeo,2018,151840,Hybrid,Automatic,Third Owner,3691,256,7,2511961
Hyundai,Elantra,2011,204051,Hybrid,Manual,First Owner,2398,251,7,1440703
Ford,Mondeo,2024,103013,Hybrid,Manual,First Owner,1672,322,4,2220581
Ford,Kuga,2021,33039,Diesel,Manual,First Owner,1494,271,4,2113990
Hyundai,Elantra,2018,33250,Diesel,Manual,Third Owner,3753,371,4,2404786
Ford,Mondeo,2022,177610,Hybrid,Manual,Second Owner,1017,341,7,1894243
Toyota,RAV4,2021,224890,Hybrid,Automatic,Third Owner,1725,366,4,2245419
Volkswagen,Passat,2011,106556,Hybrid,Automatic,Third Owner,2575,284,7,1801795
Volkswagen,Passat,2016,109299,Diesel,Automatic,Second Owner,1546,140,5,1155882
Kia,Cerato,2024,83358,Hybrid,Automatic,Third Owner,3267,393,4,3144760
BMW,320,2017,184991,Diesel,Manual,Third Owner,3662,161,7,3218230
Kia,Cerato,2018,191214,Petrol,Automatic,Third Owner,2967,368,7,1872836
Volkswagen,Tiguan,2021,181748,Hybrid,Automatic,Second Owner,1052,337,4,2271249
Toyota,Camry,2012,18910,Hybrid,Manual,First Owner,2093,152,5,1458533
Volkswagen,Polo,2012,225038,Petrol,Automatic,First Owner,3216,86,5,974255
Ford,Mondeo,2011,166509,Hybrid,Manual,Third Owner,3650,357,5,1868122
BMW,X3,2017,186649,Hybrid,Manual,Second Owner,2587,283,7,3242653
Mercedes,GLA,2009,8398,Hybrid,Automatic,First Owner,3541,296,4,3711632
Volkswagen,Tiguan,2019,202946,Hybrid,Manual,Third Owner,1792,220,5,1538265
BMW,X3,2010,54014,Petrol,Manual,Second Owner,1166,289,5,2829940
Kia,Sportage,2012,47186,Hybrid,Automatic,First Owner,2353,308,7,2121042
BMW,320,2012,248434,Diesel,Manual,Third Owner,3521,224,5,2655439
Ford,Kuga,2019,24105,Hybrid,Automatic,Third Owner,1900,164,7,1960655
Toyota,RAV4,2013,114033,Hybrid,Automatic,First Owner,2431,183,4,1657568
Volkswagen,Polo,2018,99580,Diesel,Manual,Third Owner,3172,313,7,2072448
Ford,Kuga,2008,35073,Hybrid,Automatic,Second Owner,1984,398,7,2197591
Kia,Rio,2009,183926,Diesel,Automatic,First Owner,2580,201,7,1025014
Volkswagen,Polo,2008,243901,Hybrid,Automatic,Third Owner,3083,298,5,1634547
Toyota,Camry,2014,88968,Hybrid,Manual,First Owner,1685,345,7,2050022
Toyota,RAV4,2010,60255,Hybrid,Manual,Third Owner,2737,123,4,1147129
Kia,Cerato,2021,174492,Petrol,Manual,First Owner,2880,239,4,1812020
Toyota,Corolla,2009,51659,Diesel,Manual,Third Owner,1932,202,5,1042088
Hyundai,Sonata,2020,118514,Diesel,Manual,Second Owner,3757,130,7,1737111
Toyota,RAV4,2010,203170,Hybrid,Manual,Third Owner,1297,253,7,1106221
Toyota,Camry,2017,164007,Petrol,Automatic,Second Owner,2562,272,7,1515553
Toyota,Camry,2013,144845,Petrol,Manual,Third Owner,2601,349,5,1378828
Volkswagen,Passat,2017,182547,Hybrid,Automatic,First Owner,3267,354,4,2367168
Toyota,Corolla,2008,155134,Hybrid,Automatic,Third Owner,3242,113,5,1397490
BMW,X3,2019,60505,Diesel,Manual,First Owner,1753,183,7,2913792
Ford,Mondeo,2014,35047,Petrol,Manual,Third Owner,2889,400,7,2159044
Toyota,Camry,2010,70716,Petrol,Manual,Third Owner,3378,319,5,1413539
Mercedes,C200,2015,31226,Diesel,Manual,First Owner,2301,318,5,3317786
Mercedes,GLA,2017,186785,Hybrid,Manual,Third Owner,3321,256,5,3232927
Hyundai,Elantra,2008,87107,Petrol,Manual,Third Owner,3624,293,5,1404110
Ford,Mondeo,2012,183147,Hybrid,Automatic,Second Owner,2895,298,5,1920065
Ford,Mondeo,2023,149617,Petrol,Manual,Third Owner,3484,111,5,1521803
Ford,Focus,2014,74005,Hybrid,Manual,Third Owner,1308,79,7,1188006
Volkswagen,Passat,2020,206641,Hybrid,Manual,First Owner,3259,203,7,2034011
Kia,Sportage,2012,100897,Diesel,Manual,Third Owner,2191,138,5,985322
Kia,Cerato,2010,109014,Diesel,Manual,Third Owner,1978,384,7,1664025
BMW,X3,2012,121974,Petrol,Manual,Third Owner,3317,144,7,2544145
Volkswagen,Polo,2019,15595,Petrol,Automatic,First Owner,1257,205,5,1899330
BMW,320,2014,140760,Diesel,Automatic,Second Owner,2862,93,4,2996515
Volkswagen,Polo,2011,189480,Hybrid,Automatic,Third Owner,2078,366,7,1526993
Kia,Rio,2020,176357,Diesel,Automatic,Third Owner,3676,109,7,1551651
Mercedes,E200,2015,140363,Diesel,Automatic,Second Owner,2994,316,7,3494934
Toyota,RAV4,2012,120316,Petrol,Manual,First Owner,3107,399,5,1792461
BMW,320,2013,46250,Diesel,Manual,Third Owner,1943,282,5,3109621
Volkswagen,Passat,2023,182007,Diesel,Automatic,First Owner,3419,152,7,1788238
Ford,Mondeo,2008,68876,Petrol,Manual,Third Owner,3426,152,4,1169136
Volkswagen,Tiguan,2009,238517,Hybrid,Manual,First Owner,1681,202,4,1006764
Kia,Sportage,2008,235295,Hybrid,Automatic,First Owner,1887,299,7,1635127
Hyundai,Sonata,2013,62504,Diesel,Manual,Third Owner,1744,389,7,1797255
Kia,Sportage,2013,194841,Hybrid,Automatic,Second Owner,3443,372,4,2257408
BMW,X5,2020,39658,Petrol,Manual,First Owner,3141,328,7,3650052
Hyundai,Elantra,2011,51510,Diesel,Manual,Third Owner,3061,130,4,1157989
Hyundai,Tucson,2012,241449,Hybrid,Manual,Third Owner,3659,290,7,1626068
Hyundai,Sonata,2009,187882,Hybrid,Automatic,First Owner,2974,265,5,1742003
Kia,Cerato,2011,116539,Petrol,Automatic,Second Owner,1952,112,5,1026574
Kia,Cerato,2021,72582,Petrol,Manual,Third Owner,1029,365,7,2015152
Toyota,RAV4,2008,103311,Hybrid,Manual,Third Owner,2293,279,5,1846138
Toyota,Corolla,2021,175806,Hybrid,Automatic,Second Owner,3195,286,7,2523306
Mercedes,GLA,2016,183416,Diesel,Manual,Second Owner,3261,355,5,3260914
BMW,X5,2023,71526,Diesel,Automatic,Third Owner,2630,140,7,3631630
Toyota,RAV4,2015,122072,Hybrid,Manual,First Owner,1878,330,5,1851344
Ford,Mondeo,2009,47136,Diesel,Manual,First Owner,1595,311,7,1066759
Hyundai,Elantra,2010,73967,Petrol,Automatic,First Owner,3494,89,7,1147453
Hyundai,Sonata,2024,80096,Hybrid,Manual,First Owner,3622,323,5,2409989
Toyota,Corolla,2024,79974,Petrol,Manual,Third Owner,3091,334,7,2285974
BMW,X3,2013,181691,Petrol,Automatic,First Owner,3682,70,4,2716680
Toyota,Camry,2020,97570,Hybrid,Automatic,Second Owner,3400,172,7,2496325
Toyota,RAV4,2010,245956,Petrol,Automatic,Third Owner,3290,368,5,1670627
Mercedes,E200,2015,163954,Petrol,Automatic,Second Owner,3354,72,5,2772326
BMW,X5,2024,32909,Hybrid,Manual,Third Owner,2205,244,4,3999342
Ford,Kuga,2016,234667,Hybrid,Automatic,Third Owner,2813,263,7,1578445
Hyundai,Elantra,2018,208318,Diesel,Automatic,Third Owner,1112,316,4,1675506
Mercedes,C200,2020,171110,Petrol,Manual,Second Owner,2689,250,7,3301759
Kia,Rio,2016,70079,Diesel,Manual,Second Owner,3759,245,4,1614404
Kia,Rio,2023,87279,Diesel,Manual,Third Owner,2102,163,7,1869805
Volkswagen,Passat,2023,198229,Petrol,Manual,Third Owner,1991,205,4,1615466
BMW,320,2015,224240,Hybrid,Automatic,First Owner,1436,131,4,2782126
Volkswagen,Tiguan,2023,165911,Petrol,Manual,Second Owner,2520,387,5,2258595
Hyundai,Tucson,2016,133661,Petrol,Automatic,Second Owner,1909,365,4,2272131
Toyota,RAV4,2021,130388,Hybrid,Manual,Third Owner,2422,271,7,2157303
Ford,Focus,2022,36553,Hybrid,Automatic,Second Owner,3823,74,4,2322577
Volkswagen,Passat,2020,157307,Petrol,Automatic,Second Owner,3509,202,4,1847831
Kia,Sportage,2015,75623,Diesel,Automatic,Second Owner,1753,325,5,1746727
BMW,X5,2019,100703,Diesel,Automatic,Second Owner,1736,362,4,3738544
Kia,Cerato,2015,218435,Petrol,Automatic,First Owner,3274,291,5,1603317
BMW,320,2012,128990,Petrol,Manual,Second Owner,3046,138,7,2654654
Kia,Cerato,2018,210870,Diesel,Automatic,Second Owner,3302,360,4,2001911
Hyundai,Elantra,2013,20738,Petrol,Automatic,Second Owner,3579,119,5,1714720
Volkswagen,Polo,2016,99624,Diesel,Automatic,Second Owner,1081,280,4,1712951
Mercedes,GLA,2014,156218,Hybrid,Manual,Second Owner,2454,236,7,3301294
Kia,Sportage,2022,238211,Petrol,Automatic,Third Owner,2173,307,7,1840525
BMW,320,2018,115576,Hybrid,Automatic,First Owner,1324,152,5,3206966
BMW,X5,2018,176183,Diesel,Automatic,Third Owner,3640,272,5,3326819
Hyundai,Sonata,2024,123040,Diesel,Manual,First Owner,1094,134,7,1386376
BMW,X3,2016,200002,Hybrid,Manual,First Owner,1683,273,4,3191541
Toyota,Corolla,2023,148768,Petrol,Manual,Second Owner,3146,112,4,1717912
Mercedes,GLA,2012,27101,Hybrid,Automatic,Second Owner,1939,196,7,3188323
Mercedes,E200,2012,39413,Hybrid,Manual,First Owner,1143,252,5,3253064
Ford,Mondeo,2022,233300,Hybrid,Automatic,Third Owner,2822,139,7,2107545
Kia,Rio,2022,170425,Hybrid,Automatic,Third Owner,3620,397,7,2856665
Mercedes,E200,2023,146470,Petrol,Manual,Second Owner,2261,257,5,3620229
Mercedes,C200,2017,7767,Petrol,Manual,Second Owner,2174,310,7,3319497
Toyota,RAV4,2023,203042,Diesel,Automatic,First Owner,2763,219,7,1719167
BMW,320,2019,54432,Diesel,Automatic,Second Owner,2023,153,7,2960277
Volkswagen,Tiguan,2020,222167,Diesel,Manual,Second Owner,1324,286,7,1693672
BMW,X3,2016,79626,Hybrid,Automatic,Second Owner,1770,105,4,3266902
BMW,X5,2011,171957,Diesel,Automatic,Second Owner,3869,388,5,3448098
BMW,X5,2008,44885,Petrol,Manual,First Owner,1418,214,5,2599925
BMW,X3,2022,195606,Petrol,Manual,First Owner,1617,77,5,2475014
BMW,X5,2021,86677,Diesel,Automatic,Second Owner,3854,86,5,3736608
Toyota,Corolla,2009,74862,Diesel,Manual,Third Owner,2925,162,4,1163409
Ford,Mondeo,2020,222121,Petrol,Manual,Third Owner,2019,267,5,1542517
BMW,X3,2009,57213,Diesel,Manual,Third Owner,3727,176,5,2943488
Hyundai,Tucson,2017,89689,Petrol,Manual,Third Owner,3251,336,4,2070423
Mercedes,E200,2017,57094,Diesel,Manual,Third Owner,1892,127,4,2870694
Volkswagen,Polo,2018,8949,Petrol,Automatic,Third Owner,1490,272,4,1867030
Toyota,Corolla,2023,185461,Hybrid,Manual,Second Owner,1366,197,4,1847198
Hyundai,Elantra,2018,249016,Hybrid,Manual,First Owner,2456,400,4,2352671
Volkswagen,Tiguan,2011,37984,Diesel,Manual,Second Owner,3287,400,5,2168895
Ford,Mondeo,2014,10597,Hybrid,Automatic,Second Owner,3967,138,5,2357833
Toyota,Camry,2022,151544,Diesel,Automatic,First Owner,3321,165,7,1830879
Mercedes,E200,2022,77174,Hybrid,Manual,First Owner,3175,149,5,3445961
Mercedes,E200,2019,124034,Petrol,Automatic,Third Owner,1759,79,7,2844413
Ford,Mondeo,2015,89068,Hybrid,Manual,Third Owner,3207,268,4,2031272
Kia,Cerato,2023,205732,Hybrid,Manual,Third Owner,2159,235,5,2114014
Volkswagen,Polo,2011,30233,Hybrid,Manual,First Owner,1531,161,4,1167814
BMW,320,2023,55231,Petrol,Manual,Third Owner,3628,268,7,3983170
Hyundai,Tucson,2016,17867,Diesel,Manual,Third Owner,3940,106,4,1596564
BMW,X3,2023,248375,Petrol,Automatic,Third Owner,1248,254,7,3111417
Volkswagen,Polo,2019,213207,Hybrid,Manual,Third Owner,2088,340,4,1834970
Volkswagen,Passat,2017,25430,Petrol,Manual,First Owner,3970,188,7,1616411
Hyundai,Elantra,2014,142938,Hybrid,Manual,Third Owner,3561,161,7,1774249
Volkswagen,Tiguan,2021,200587,Petrol,Automatic,Third Owner,2878,288,4,2011523
BMW,320,2020,137302,Diesel,Manual,Third Owner,3457,296,5,3290451
Mercedes,GLA,2018,226473,Diesel,Automatic,Third Owner,2763,235,7,2954742
BMW,X3,2014,103320,Hybrid,Automatic,Second Owner,2853,299,5,3618442
Toyota,RAV4,2009,79575,Hybrid,Manual,Third Owner,1553,224,4,1634153
Mercedes,C200,2014,229321,Diesel,Manual,Third Owner,2130,353,7,2904419
Kia,Cerato,2012,29716,Petrol,Automatic,Second Owner,1639,140,5,1110946
Mercedes,GLA,2015,66078,Diesel,Automatic,First Owner,3336,274,7,3466382
BMW,X3,2010,194682,Diesel,Automatic,First Owner,2999,365,4,3132077
Kia,Cerato,2017,14796,Hybrid,Automatic,First Owner,1229,241,5,1702725
Ford,Mondeo,2021,248858,Petrol,Manual,Third Owner,3673,378,4,2040089
Volkswagen,Tiguan,2020,19189,Diesel,Manual,Second Owner,3211,359,4,2306131
Mercedes,GLA,2015,45159,Petrol,Automatic,Second Owner,3437,364,7,3889662
Toyota,Corolla,2021,80964,Diesel,Manual,First Owner,2376,112,5,1801815
Kia,Cerato,2009,148694,Diesel,Automatic,First Owner,2632,326,5,1731396
Ford,Kuga,2012,204762,Petrol,Automatic,Third Owner,1811,319,5,1419292
Volkswagen,Tiguan,2014,152106,Hybrid,Manual,First Owner,1293,206,5,1238759
Mercedes,GLA,2010,34499,Hybrid,Automatic,Second Owner,2496,248,4,3811405
Mercedes,E200,2008,206767,Diesel,Manual,Second Owner,3524,296,7,2763948
BMW,X5,2009,247276,Petrol,Manual,Third Owner,2531,149,7,2209687
Ford,Focus,2011,198876,Petrol,Manual,Third Owner,1604,217,4,931729
Mercedes,GLA,2011,84984,Diesel,Automatic,First Owner,2359,177,7,2906094
Kia,Rio,2014,148241,Hybrid,Automatic,Third Owner,2978,388,7,2298563
BMW,X3,2008,103725,Hybrid,Manual,Second Owner,1697,100,5,2411050
BMW,X3,2016,18915,Diesel,Manual,First Owner,2591,208,7,3088791
Ford,Kuga,2019,231566,Petrol,Manual,Second Owner,3659,267,4,1698305
Hyundai,Tucson,2011,241944,Diesel,Automatic,Third Owner,3177,115,4,948648
BMW,X3,2022,151980,Hybrid,Manual,First Owner,2013,341,5,3643563
Mercedes,E200,2020,200137,Petrol,Manual,Second Owner,3802,250,5,3310990
Volkswagen,Polo,2015,136400,Diesel,Manual,Third Owner,2055,268,4,1417203
Kia,Sportage,2015,44769,Diesel,Automatic,Third Owner,1562,114,7,1605360
Hyundai,Tucson,2015,114401,Petrol,Manual,Second Owner,2279,379,5,1412902
Hyundai,Tucson,2012,59200,Hybrid,Manual,Third Owner,3217,173,4,1860376
Mercedes,GLA,2024,243436,Petrol,Automatic,First Owner,3687,359,4,4050590
Mercedes,C200,2011,53269,Diesel,Manual,Third Owner,1120,233,5,2382953
Hyundai,Sonata,2022,200457,Hybrid,Automatic,First Owner,1769,124,4,1723032
BMW,320,2016,163755,Hybrid,Manual,Third Owner,1951,188,7,2979423
Toyota,Camry,2010,185392,Diesel,Manual,Third Owner,3476,310,7,1214489
Volkswagen,Polo,2013,228380,Diesel,Automatic,Second Owner,1563,153,4,893517
BMW,320,2021,205419,Petrol,Automatic,Second Owner,1911,173,4,2891725
Toyota,Corolla,2022,232312,Hybrid,Automatic,Third Owner,2330,304,4,2507716
Hyundai,Sonata,2009,164365,Hybrid,Automatic,Third Owner,2281,271,7,1781271
Volkswagen,Tiguan,2024,173137,Hybrid,Manual,Third Owner,1447,301,5,2314009
Ford,Focus,2015,140974,Hybrid,Automatic,Third Owner,1160,355,5,2137802
Kia,Cerato,2009,54768,Diesel,Automatic,Second Owner,2247,216,5,1248156
BMW,X5,2017,165729,Petrol,Manual,Second Owner,3646,301,4,3239263
Volkswagen,Tiguan,2011,52125,Hybrid,Manual,Second Owner,2693,235,5,1810606
Toyota,Corolla,2022,159747,Hybrid,Manual,Second Owner,1369,198,5,1597536
Volkswagen,Tiguan,2013,193317,Hybrid,Manual,First Owner,1467,300,7,1640365
Mercedes,C200,2024,190408,Diesel,Manual,Second Owner,3254,264,4,3431235
Ford,Focus,2018,153240,Hybrid,Manual,First Owner,1592,161,7,1478596
Toyota,Camry,2017,86138,Hybrid,Automatic,Second Owner,3565,162,4,2224117
BMW,320,2008,168200,Diesel,Manual,Second Owner,3038,325,7,2898439
Ford,Focus,2023,67358,Petrol,Automatic,Second Owner,2679,296,4,2302989
Kia,Cerato,2008,69150,Hybrid,Automatic,Third Owner,3574,355,4,2359199
Toyota,Corolla,2012,19434,Hybrid,Automatic,First Owner,1595,86,7,1353222
Kia,Cerato,2017,91798,Petrol,Manual,First Owner,2707,161,4,1567344
Volkswagen,Polo,2013,124364,Hybrid,Automatic,First Owner,1381,223,5,1754887
Mercedes,E200,2010,203821,Diesel,Manual,Second Owner,2928,138,4,2330126
Volkswagen,Polo,2018,143163,Diesel,Manual,Third Owner,1856,383,4,1898493
Toyota,RAV4,2024,27982,Diesel,Automatic,Second Owner,3493,232,5,2260318
Kia,Cerato,2019,248035,Petrol,Automatic,Third Owner,3986,393,5,2372934
Hyundai,Elantra,2015,190751,Diesel,Manual,First Owner,1484,82,5,768362
Volkswagen,Passat,2014,214600,Hybrid,Automatic,Second Owner,1186,240,5,1470291
Kia,Cerato,2014,7961,Hybrid,Manual,Third Owner,2153,200,4,1964379
Mercedes,E200,2024,149177,Diesel,Manual,First Owner,3809,240,5,3467344
Hyundai,Tucson,2008,223115,Petrol,Manual,Second Owner,2384,315,5,887600
Ford,Focus,2012,131221,Petrol,Automatic,Third Owner,2372,306,5,1424863
Volkswagen,Passat,2024,83471,Hybrid,Automatic,Third Owner,3194,79,4,2300559
Kia,Cerato,2018,214593,Diesel,Manual,First Owner,2148,85,5,813449
Hyundai,Tucson,2013,154679,Hybrid,Automatic,First Owner,3437,129,5,1941911
Volkswagen,Polo,2009,76171,Diesel,Manual,Second Owner,1973,260,5,931318
Ford,Mondeo,2014,142651,Diesel,Manual,First Owner,2532,89,4,1271466
Toyota,Camry,2024,11536,Diesel,Manual,First Owner,2393,317,7,2360030
Ford,Kuga,2017,208301,Diesel,Manual,First Owner,3114,137,4,1228491
Volkswagen,Passat,2022,106603,Hybrid,Manual,First Owner,2273,92,7,1676006
Ford,Kuga,2010,92369,Diesel,Manual,First Owner,3132,229,4,1417432
Kia,Sportage,2014,89116,Petrol,Manual,Second Owner,2133,342,5,1691072
Ford,Mondeo,2011,76474,Petrol,Manual,Second Owner,1468,77,7,975247
Kia,Cerato,2011,59153,Hybrid,Automatic,Third Owner,2304,208,4,1814428
Volkswagen,Polo,2015,49898,Petrol,Automatic,Third Owner,2387,346,5,2095799
Toyota,Corolla,2008,128400,Hybrid,Manual,First Owner,2571,97,4,1016808
Hyundai,Sonata,2013,189727,Hybrid,Automatic,Third Owner,2456,229,5,1702904
Ford,Focus,2010,246902,Diesel,Manual,First Owner,3861,309,4,1404016
Hyundai,Sonata,2022,128350,Petrol,Manual,First Owner,3526,202,5,1620674
Hyundai,Elantra,2018,211773,Diesel,Automatic,Second Owner,1123,103,5,900176
Toyota,Camry,2023,125911,Petrol,Automatic,Second Owner,3475,364,4,2640917
Kia,Rio,2020,219316,Hybrid,Manual,Second Owner,3277,106,5,1643547
Kia,Sportage,2020,159805,Diesel,Manual,Third Owner,1998,350,4,1827492
Hyundai,Sonata,2010,94316,Petrol,Automatic,Second Owner,3323,245,7,1625083
Volkswagen,Passat,2013,178699,Hybrid,Manual,Third Owner,3915,363,5,2139489
Toyota,RAV4,2022,90295,Hybrid,Manual,Second Owner,1721,227,5,1964096
Toyota,RAV4,2011,184701,Hybrid,Automatic,Second Owner,3024,400,7,2017452
Toyota,Corolla,2014,219180,Petrol,Manual,First Owner,3706,146,5,1211916
Kia,Sportage,2020,166368,Hybrid,Automatic,First Owner,1842,232,5,1876808
Kia,Cerato,2017,245779,Diesel,Automatic,First Owner,3386,74,7,1312579
Kia,Sportage,2012,228479,Diesel,Manual,Second Owner,3248,97,4,617354
Volkswagen,Tiguan,2019,33756,Diesel,Manual,First Owner,2768,372,5,2382061
Volkswagen,Polo,2020,111439,Diesel,Automatic,Third Owner,1865,158,5,1722761
BMW,320,2020,226073,Diesel,Automatic,First Owner,2181,134,4,2948408
Toyota,Corolla,2008,42747,Hybrid,Automatic,Third Owner,2788,139,4,1727609
BMW,X3,2021,230483,Diesel,Automatic,Third Owner,1736,302,7,3554255
Hyundai,Tucson,2022,105850,Diesel,Manual,First Owner,2739,379,4,2398805
Kia,Sportage,2015,191680,Hybrid,Automatic,Second Owner,3237,365,5,1988558
Toyota,Corolla,2023,189780,Diesel,Manual,Third Owner,2972,110,4,1299303
Volkswagen,Tiguan,2024,230273,Diesel,Automatic,Third Owner,1320,337,7,1886231
Toyota,Corolla,2023,170324,Hybrid,Manual,Third Owner,3595,346,7,2517515
Mercedes,GLA,2009,241869,Diesel,Manual,Second Owner,2859,332,5,2802760
Kia,Cerato,2018,115366,Diesel,Automatic,Second Owner,1686,88,7,1233306
Kia,Cerato,2017,195571,Hybrid,Automatic,First Owner,3577,312,7,2303423
BMW,X3,2009,177050,Diesel,Manual,Second Owner,2985,112,4,2210342
Kia,Rio,2016,71073,Petrol,Automatic,Second Owner,2052,77,7,1266426
Toyota,RAV4,2013,243585,Hybrid,Manual,Third Owner,2829,259,4,1323680
Mercedes,GLA,2015,132118,Petrol,Manual,Second Owner,1345,144,7,2409029
Ford,Focus,2023,202331,Diesel,Automatic,First Owner,3706,295,7,2035985
Volkswagen,Passat,2014,156455,Hybrid,Automatic,First Owner,3630,205,4,1797709
Toyota,Corolla,2022,109528,Diesel,Automatic,Second Owner,3181,189,5,2188640
Volkswagen,Tiguan,2020,129410,Diesel,Manual,Third Owner,2780,76,5,1205770
Ford,Mondeo,2020,182862,Diesel,Manual,First Owner,3176,396,5,2495533
Ford,Mondeo,2016,92809,Diesel,Automatic,First Owner,2045,369,5,2117629
Hyundai,Tucson,2015,197495,Hybrid,Manual,Third Owner,2382,162,5,1445035
Kia,Rio,2008,223022,Petrol,Manual,Second Owner,1400,338,4,880202
Volkswagen,Polo,2019,62518,Hybrid,Automatic,Second Owner,1790,87,4,1916010
Kia,Rio,2009,160749,Hybrid,Manual,Third Owner,3613,132,7,1214106
Toyota,Corolla,2012,103555,Hybrid,Manual,First Owner,3849,164,5,1698541
Mercedes,E200,2010,172452,Diesel,Automatic,Second Owner,3835,235,5,3401858
BMW,320,2016,208713,Petrol,Automatic,Second Owner,2362,100,5,2672465
Ford,Mondeo,2013,120494,Petrol,Automatic,First Owner,3499,271,4,1983752
Volkswagen,Polo,2011,42715,Hybrid,Automatic,First Owner,3514,399,4,2383693
Hyundai,Tucson,2016,32076,Petrol,Manual,First Owner,3340,198,5,1726599
Toyota,Camry,2012,176144,Hybrid,Manual,First Owner,3722,269,5,2044132
BMW,X3,2018,242140,Diesel,Manual,Third Owner,3898,321,5,3208874
Hyundai,Sonata,2010,146591,Petrol,Manual,Second Owner,3823,316,4,1842135
Kia,Cerato,2019,92409,Hybrid,Automatic,Second Owner,1226,393,7,2537744
Toyota,Camry,2018,26091,Diesel,Automatic,Third Owner,1831,160,7,1638097
Toyota,Camry,2014,83347,Hybrid,Automatic,First Owner,3583,253,5,2298117
Toyota,RAV4,2022,197760,Petrol,Manual,First Owner,1790,82,7,1323863
Kia,Rio,2023,106913,Petrol,Automatic,Second Owner,3187,300,4,2457495
Toyota,Camry,2009,93530,Hybrid,Manual,Second Owner,1484,178,7,995006
Volkswagen,Tiguan,2022,182754,Hybrid,Manual,Third Owner,3373,189,4,1903871
Toyota,RAV4,2012,133160,Hybrid,Manual,Second Owner,3532,93,4,1358852
Volkswagen,Tiguan,2012,8765,Petrol,Manual,Second Owner,1398,303,7,1538504
BMW,X3,2010,219381,Petrol,Manual,Second Owner,3437,385,4,3132388
Toyota,Corolla,2021,93432,Hybrid,Automatic,Second Owner,1494,364,7,2523891
BMW,X5,2014,205337,Petrol,Manual,Second Owner,1258,131,5,2105224
BMW,X5,2013,187529,Diesel,Manual,Second Owner,1997,367,4,3049021
BMW,320,2020,208859,Petrol,Manual,Second Owner,1330,73,4,2555869
BMW,320,2017,114110,Hybrid,Automatic,Third Owner,1519,175,4,3371098
Volkswagen,Polo,2024,123074,Diesel,Manual,First Owner,3500,89,7,1863469
BMW,X3,2023,165445,Petrol,Automatic,Second Owner,2715,72,7,3231448
BMW,320,2011,143988,Petrol,Automatic,Third Owner,3078,182,5,2947601
Ford,Kuga,2014,77463,Petrol,Manual,First Owner,1611,312,5,1556199
BMW,320,2009,19163,Hybrid,Automatic,Second Owner,1858,292,5,3171229
Mercedes,GLA,2022,16355,Petrol,Manual,Third Owner,1720,150,4,3264732
Hyundai,Tucson,2011,23575,Petrol,Automatic,Third Owner,3374,236,5,1830103
BMW,X3,2018,65309,Petrol,Automatic,First Owner,1401,191,7,3197768
Hyundai,Elantra,2020,238666,Petrol,Manual,Second Owner,3396,318,4,1635555
Hyundai,Elantra,2014,248240,Hybrid,Automatic,First Owner,2586,261,4,1581761
Hyundai,Tucson,2014,170680,Diesel,Automatic,First Owner,2375,135,4,1410362
Volkswagen,Tiguan,2009,78558,Petrol,Manual,Second Owner,2878,284,4,1428650
Ford,Mondeo,2015,237366,Diesel,Manual,Third Owner,3504,157,7,1295593
Kia,Rio,2010,112923,Hybrid,Automatic,First Owner,3423,312,5,2071851
Mercedes,C200,2021,197984,Petrol,Manual,Second Owner,2778,366,4,3490195
Kia,Rio,2008,114516,Petrol,Manual,Second Owner,3065,87,5,988960
Kia,Sportage,2023,217262,Hybrid,Manual,Second Owner,3028,193,4,1874769
Kia,Rio,2021,62149,Petrol,Automatic,Second Owner,1979,116,4,1726970
Hyundai,Tucson,2017,47415,Hybrid,Automatic,Third Owner,3390,82,5,1899328
Hyundai,Elantra,2020,53482,Diesel,Automatic,Third Owner,3594,70,7,1741961
Toyota,Camry,2018,144177,Petrol,Automatic,Second Owner,2105,383,7,2038520
Kia,Rio,2010,167648,Diesel,Manual,Third Owner,3763,256,4,1402474
Toyota,Camry,2019,126989,Hybrid,Manual,Second Owner,2500,159,7,1696709
Kia,Cerato,2010,151999,Hybrid,Manual,First Owner,2371,192,7,1520015
Toyota,RAV4,2023,198299,Hybrid,Manual,Third Owner,1923,234,5,1792660
Mercedes,GLA,2021,77651,Petrol,Manual,Second Owner,2414,301,5,3481267
Kia,Cerato,2011,128250,Hybrid,Automatic,Second Owner,3543,258,7,1903990
Volkswagen,Passat,2014,238807,Diesel,Manual,First Owner,2600,161,5,1231932
Toyota,Corolla,2013,77336,Petrol,Manual,Second Owner,1616,174,7,1202211
Volkswagen,Passat,2017,114192,Hybrid,Manual,Second Owner,2420,285,5,2151892
Volkswagen,Tiguan,2008,81419,Petrol,Manual,First Owner,1951,336,7,1146977
Mercedes,E200,2018,176903,Hybrid,Automatic,Second Owner,3430,341,7,3953251
Hyundai,Sonata,2017,153701,Petrol,Automatic,First Owner,2064,186,5,1650642
Mercedes,E200,2009,43886,Diesel,Automatic,Second Owner,1681,386,4,3291720
Volkswagen,Tiguan,2017,52783,Petrol,Manual,First Owner,1974,129,4,1522856
Mercedes,GLA,2012,120576,Diesel,Automatic,First Owner,1840,357,7,3149754
Toyota,RAV4,2018,95137,Petrol,Automatic,Second Owner,3211,153,7,1985278
Mercedes,C200,2008,111053,Diesel,Manual,Second Owner,2311,149,4,2741878
Volkswagen,Tiguan,2024,91843,Hybrid,Automatic,Second Owner,2187,363,7,2697438
BMW,X3,2022,93784,Hybrid,Manual,Third Owner,2961,90,4,3314756
Volkswagen,Tiguan,2011,85761,Petrol,Automatic,Third Owner,1902,298,5,1826785
Toyota,Camry,2009,164423,Hybrid,Manual,Third Owner,3156,183,5,1588989
BMW,320,2010,146141,Diesel,Manual,Third Owner,2615,169,5,2444038
Mercedes,GLA,2024,19692,Hybrid,Automatic,Second Owner,1605,288,5,4058337
Hyundai,Sonata,2008,79619,Diesel,Automatic,Second Owner,2825,357,4,1714744
BMW,X3,2022,199387,Diesel,Automatic,Second Owner,1670,287,7,3167558
Hyundai,Elantra,2010,42654,Petrol,Automatic,Second Owner,3151,241,4,1552044
Kia,Sportage,2010,6735,Diesel,Automatic,Second Owner,1716,354,5,1678308
Volkswagen,Tiguan,2012,57234,Petrol,Automatic,Second Owner,3268,321,4,1863062
Ford,Mondeo,2017,134525,Hybrid,Automatic,First Owner,1109,71,4,1419597
Mercedes,E200,2023,37552,Hybrid,Automatic,Second Owner,1734,321,7,4172628
Volkswagen,Passat,2008,36288,Diesel,Automatic,First Owner,3453,255,7,1915449
Hyundai,Tucson,2021,232631,Diesel,Automatic,Third Owner,1489,261,7,1510834
Volkswagen,Tiguan,2008,226585,Diesel,Manual,Third Owner,1239,144,5,640328
Hyundai,Tucson,2012,98686,Petrol,Manual,Second Owner,2479,284,7,1452379
Mercedes,C200,2017,81457,Hybrid,Manual,Third Owner,1793,391,4,3726116
Ford,Focus,2013,147530,Diesel,Automatic,Third Owner,2233,208,7,1511112
Volkswagen,Tiguan,2019,30122,Hybrid,Automatic,First Owner,1052,140,7,1729147
Mercedes,E200,2023,113001,Diesel,Manual,First Owner,1892,149,7,3137659
BMW,320,2024,226792,Hybrid,Manual,Second Owner,2886,109,4,3276783
Ford,Focus,2008,130702,Diesel,Automatic,Third Owner,2485,141,5,1137713
Kia,Cerato,2018,50143,Hybrid,Automatic,First Owner,1485,183,4,2023339
Ford,Kuga,2012,185367,Petrol,Automatic,First Owner,1859,136,4,1416411
Hyundai,Tucson,2011,25377,Petrol,Automatic,Second Owner,1174,170,4,1204685
Toyota,RAV4,2024,160497,Petrol,Automatic,First Owner,2036,92,4,1534756
Mercedes,GLA,2008,202800,Petrol,Manual,Third Owner,1841,370,4,2602078
BMW,X3,2019,12670,Petrol,Manual,Third Owner,2136,366,5,3576738
Mercedes,C200,2024,209682,Hybrid,Manual,Third Owner,3335,104,4,3245277
Ford,Kuga,2008,143631,Petrol,Manual,Second Owner,1703,345,4,1409040
Volkswagen,Passat,2014,246297,Hybrid,Automatic,Second Owner,3859,371,4,2426831
Hyundai,Tucson,2011,52408,Diesel,Automatic,Second Owner,1877,333,4,1673622
Hyundai,Elantra,2018,37405,Diesel,Manual,Third Owner,1556,323,5,1741236
Volkswagen,Polo,2009,26560,Diesel,Automatic,First Owner,2576,215,5,1591492
Kia,Cerato,2017,185105,Diesel,Manual,Third Owner,2668,218,5,1342156
BMW,320,2023,183030,Diesel,Manual,First Owner,3761,321,7,3745529
Toyota,Camry,2022,142012,Hybrid,Manual,First Owner,1587,272,5,2064464
Volkswagen,Tiguan,2011,199361,Petrol,Manual,Second Owner,1815,243,4,803666
Kia,Sportage,2011,66045,Diesel,Automatic,Second Owner,3922,367,7,2355835
Mercedes,GLA,2020,98348,Diesel,Automatic,Second Owner,3094,212,4,3766785
Ford,Mondeo,2011,37031,Diesel,Automatic,Second Owner,1945,391,4,1853269
Toyota,Corolla,2009,222661,Petrol,Automatic,Third Owner,1109,161,5,715372
Kia,Cerato,2018,45038,Diesel,Manual,First Owner,3707,336,5,2248853
Ford,Mondeo,2014,81955,Hybrid,Automatic,Second Owner,3067,203,7,2053808
Mercedes,GLA,2008,205268,Petrol,Automatic,First Owner,2571,300,5,2923895
Ford,Mondeo,2022,125496,Petrol,Manual,First Owner,3280,225,7,2205038
BMW,X5,2021,40255,Diesel,Automatic,Second Owner,1448,361,7,3762647
Hyundai,Tucson,2023,129757,Hybrid,Manual,Third Owner,1228,270,5,1929941
Hyundai,Tucson,2020,166727,Hybrid,Automatic,Second Owner,2312,101,4,1558948
Kia,Rio,2012,224397,Diesel,Automatic,Third Owner,3391,83,7,957716
Mercedes,E200,2011,117236,Diesel,Automatic,Second Owner,2438,98,7,2621258
BMW,320,2015,174891,Diesel,Manual,Third Owner,1268,226,4,2924601
Mercedes,C200,2008,146142,Diesel,Manual,Second Owner,3694,286,7,2799174
Kia,Sportage,2016,10348,Hybrid,Automatic,Third Owner,1091,232,5,2056522
Kia,Sportage,2018,155087,Petrol,Automatic,First Owner,3829,175,5,1799212
Hyundai,Tucson,2018,48680,Hybrid,Automatic,Second Owner,2785,173,5,2331148
Volkswagen,Passat,2014,80328,Diesel,Manual,Second Owner,3349,275,4,2108233
Kia,Cerato,2010,193142,Hybrid,Manual,Third Owner,2379,209,4,1213435
Kia,Cerato,2023,116963,Petrol,Automatic,First Owner,3668,224,7,2152858
Ford,Mondeo,2021,178921,Hybrid,Automatic,First Owner,2697,275,5,2440832
Kia,Cerato,2022,181045,Hybrid,Manual,First Owner,3571,334,4,2510843
Kia,Sportage,2014,178226,Hybrid,Automatic,Second Owner,3612,342,7,2517354
Ford,Mondeo,2009,141909,Petrol,Automatic,Second Owner,1605,193,4,1177021
Volkswagen,Tiguan,2017,226281,Diesel,Automatic,Second Owner,1263,394,4,1717994
Ford,Mondeo,2016,220930,Diesel,Manual,Second Owner,3813,377,4,1961188
Hyundai,Elantra,2011,44311,Petrol,Manual,First Owner,2271,307,5,1735833
Kia,Sportage,2021,174586,Petrol,Manual,First Owner,2117,139,4,1488950
Mercedes,E200,2013,173897,Petrol,Automatic,First Owner,1226,112,5,2542197
Kia,Sportage,2010,241080,Diesel,Automatic,Third Owner,3692,116,5,1221641
Ford,Kuga,2012,66876,Petrol,Manual,Third Owner,3720,367,7,2117142
Mercedes,E200,2010,67410,Hybrid,Manual,Second Owner,2348,369,7,3647203
Hyundai,Tucson,2015,115852,Petrol,Manual,First Owner,1717,179,5,1320652
Hyundai,Sonata,2016,231204,Hybrid,Manual,Second Owner,3185,261,7,1742774
Toyota,Camry,2021,129480,Hybrid,Manual,Second Owner,1593,255,5,1989497
Volkswagen,Polo,2017,10524,Hybrid,Manual,Third Owner,3712,97,7,2109228
Ford,Kuga,2015,71317,Hybrid,Automatic,Second Owner,3617,255,7,2164875
Toyota,RAV4,2015,229827,Diesel,Automatic,First Owner,2609,200,5,1436996
Toyota,Corolla,2017,60151,Petrol,Automatic,Third Owner,2299,399,5,2213047
Ford,Focus,2016,232133,Petrol,Automatic,Second Owner,2691,240,7,1543695
Hyundai,Elantra,2013,188102,Diesel,Manual,Second Owner,2723,378,7,1819013
Ford,Kuga,2018,123819,Hybrid,Manual,First Owner,3627,398,4,2520076
Volkswagen,Polo,2012,5806,Diesel,Manual,Third Owner,2251,230,7,1508003
Toyota,Corolla,2013,70432,Hybrid,Manual,Third Owner,3808,280,5,1876357
Hyundai,Sonata,2012,73335,Petrol,Automatic,Second Owner,1813,113,5,1319718
Mercedes,C200,2020,234740,Diesel,Manual,First Owner,1094,355,7,3178942
Kia,Cerato,2015,242723,Petrol,Automatic,First Owner,2072,156,4,1489842
Hyundai,Tucson,2021,162389,Diesel,Manual,First Owner,2507,157,7,1447605
Toyota,Corolla,2024,119074,Diesel,Automatic,First Owner,1919,174,4,1917574
Ford,Mondeo,2017,200675,Diesel,Automatic,First Owner,2766,175,7,1538457
BMW,X5,2014,114662,Petrol,Automatic,First Owner,1117,218,5,3119843
BMW,X3,2022,242850,Petrol,Automatic,Third Owner,3802,304,4,3630305
Toyota,Camry,2012,233443,Diesel,Automatic,Third Owner,1869,266,7,1320317
Hyundai,Tucson,2016,24151,Petrol,Manual,First Owner,2363,190,5,1672332
Mercedes,GLA,2009,6405,Diesel,Automatic,Second Owner,2616,259,4,3205081
Kia,Rio,2013,73233,Petrol,Automatic,Second Owner,2917,137,4,1416618
Mercedes,GLA,2024,118489,Petrol,Automatic,First Owner,2283,92,4,3264585
Hyundai,Sonata,2019,247807,Diesel,Automatic,Second Owner,3510,205,7,1854430
Mercedes,E200,2013,87717,Hybrid,Automatic,First Owner,3276,395,5,3799488
Toyota,Corolla,2012,19304,Petrol,Manual,First Owner,2926,203,4,1527737
Volkswagen,Polo,2021,35415,Diesel,Manual,Second Owner,2460,357,5,2135651
Hyundai,Sonata,2011,226731,Hybrid,Manual,First Owner,2431,117,4,1232944
Ford,Mondeo,2013,223878,Petrol,Automatic,Third Owner,3716,369,4,1653665
Kia,Rio,2024,206024,Hybrid,Manual,Second Owner,1314,196,5,1691213
Volkswagen,Passat,2018,11805,Diesel,Manual,Second Owner,2530,372,4,2242471
Ford,Mondeo,2012,12569,Petrol,Automatic,Third Owner,3701,315,5,2352340
Volkswagen,Polo,2008,91357,Petrol,Automatic,Second Owner,3996,361,4,1909323
BMW,320,2017,89717,Petrol,Manual,Third Owner,3466,265,4,3269686
Hyundai,Sonata,2013,67935,Diesel,Manual,First Owner,1852,153,5,1456603
Ford,Mondeo,2017,174651,Hybrid,Manual,First Owner,2222,321,5,1719295
Volkswagen,Polo,2012,99121,Hybrid,Manual,Second Owner,3099,172,5,1266787
Hyundai,Sonata,2023,75380,Hybrid,Automatic,First Owner,2730,258,7,2619742
BMW,X5,2021,29365,Petrol,Automatic,Second Owner,3770,184,7,3641461
Volkswagen,Tiguan,2012,248968,Diesel,Manual,Second Owner,2917,293,4,1118929
Ford,Mondeo,2017,43956,Petrol,Automatic,First Owner,3142,288,5,2259641
Kia,Rio,2010,245465,Petrol,Manual,Third Owner,2740,281,4,1159140
Hyundai,Tucson,2016,98181,Diesel,Manual,Third Owner,1066,128,7,998926
Volkswagen,Polo,2013,211091,Petrol,Automatic,First Owner,1341,283,7,1144422
Mercedes,E200,2022,203535,Hybrid,Automatic,Third Owner,2085,244,4,3746548
BMW,320,2010,200829,Hybrid,Automatic,Third Owner,1435,292,7,3141122
Toyota,Corolla,2020,35586,Petrol,Manual,Third Owner,2954,305,7,2119551
Hyundai,Tucson,2023,84377,Hybrid,Automatic,Third Owner,3759,272,5,3002091
Toyota,Corolla,2012,8637,Petrol,Manual,First Owner,3850,166,4,1414713
BMW,X5,2012,175325,Petrol,Automatic,Third Owner,3206,167,4,2618921
Mercedes,E200,2012,129253,Diesel,Manual,First Owner,1680,148,7,2359707
Volkswagen,Polo,2023,128598,Petrol,Automatic,Third Owner,1993,173,5,1817416
Kia,Sportage,2009,92516,Petrol,Manual,Third Owner,3920,291,5,1616968
Ford,Mondeo,2017,14703,Diesel,Automatic,Second Owner,3102,372,7,2379708
Kia,Cerato,2023,65792,Hybrid,Manual,Third Owner,1077,286,7,2247774
Mercedes,GLA,2010,75214,Hybrid,Automatic,Second Owner,1478,323,7,3191041
Volkswagen,Polo,2022,187849,Diesel,Manual,First Owner,2179,168,5,1687716
Mercedes,E200,2015,138073,Petrol,Automatic,Third Owner,3929,309,4,3523381
Mercedes,GLA,2020,114277,Hybrid,Automatic,Second Owner,1663,388,4,4158490
Mercedes,GLA,2010,179864,Diesel,Manual,First Owner,1817,150,7,2339230
Hyundai,Elantra,2021,134427,Diesel,Manual,First Owner,3280,94,4,1576658
Mercedes,E200,2019,182452,Petrol,Manual,Third Owner,1130,102,5,2595061
Hyundai,Elantra,2015,36637,Hybrid,Manual,Second Owner,2056,244,5,1962282
Ford,Focus,2016,239964,Petrol,Manual,Third Owner,1206,294,5,1332380
Ford,Focus,2011,209905,Hybrid,Manual,Third Owner,1171,329,4,1627712
BMW,X3,2011,233293,Petrol,Automatic,First Owner,3983,219,7,2957842
Hyundai,Tucson,2023,197034,Petrol,Manual,Third Owner,2489,241,4,1838132
Toyota,Corolla,2022,113986,Petrol,Manual,Second Owner,2398,216,7,1758267
BMW,320,2016,102631,Hybrid,Automatic,Second Owner,3578,195,4,3834955
Ford,Kuga,2021,211363,Petrol,Manual,Second Owner,2693,279,5,1627265
Ford,Kuga,2019,12802,Diesel,Manual,First Owner,3939,334,4,2620387
Toyota,Camry,2018,110290,Petrol,Automatic,First Owner,2610,88,7,1484896
Volkswagen,Passat,2009,170572,Hybrid,Automatic,Second Owner,2646,353,5,1673639
Volkswagen,Tiguan,2018,243349,Diesel,Manual,Second Owner,3161,382,4,1861667
Volkswagen,Polo,2022,173789,Petrol,Automatic,Third Owner,2414,277,4,1904864
Mercedes,C200,2009,145884,Diesel,Automatic,Third Owner,3944,134,7,2910928
Kia,Sportage,2014,29332,Hybrid,Automatic,Third Owner,2395,395,4,2390192
Toyota,Corolla,2016,68265,Diesel,Automatic,Third Owner,1452,100,5,1264342
Mercedes,GLA,2024,97923,Petrol,Manual,Third Owner,1510,299,5,3194722
Kia,Cerato,2008,123789,Diesel,Manual,Third Owner,3382,359,7,1489376
Volkswagen,Tiguan,2015,96838,Diesel,Automatic,Third Owner,3928,363,7,1889442
BMW,X3,2020,141227,Hybrid,Manual,First Owner,2342,334,7,3466260
BMW,X5,2022,30686,Petrol,Automatic,Second Owner,1335,117,4,3345440
Hyundai,Elantra,2023,61304,Diesel,Manual,Second Owner,3772,339,5,2558562
Kia,Cerato,2024,209164,Diesel,Automatic,Third Owner,3043,395,5,2489440
Hyundai,Tucson,2023,196815,Diesel,Manual,First Owner,3071,135,5,1409473
Volkswagen,Polo,2012,189686,Hybrid,Manual,Third Owner,1870,303,5,1551471
Toyota,RAV4,2013,151545,Diesel,Manual,Third Owner,2673,126,4,1062319
Mercedes,GLA,2017,15559,Hybrid,Manual,First Owner,2521,226,5,3388277
Mercedes,E200,2023,12334,Petrol,Manual,Third Owner,2727,94,5,3494891
Mercedes,C200,2013,219728,Hybrid,Automatic,First Owner,1501,350,5,3442298
Toyota,Corolla,2021,131137,Hybrid,Automatic,Third Owner,2852,242,5,2287381
Hyundai,Tucson,2012,204740,Petrol,Automatic,Second Owner,3732,299,4,1701852
Ford,Kuga,2018,28413,Hybrid,Automatic,Second Owner,1953,272,5,2347381
Kia,Rio,2022,197915,Diesel,Manual,First Owner,3896,82,7,1187309
Volkswagen,Tiguan,2017,152074,Hybrid,Manual,Third Owner,3291,113,4,1584925
Kia,Cerato,2009,154486,Hybrid,Manual,Second Owner,3058,79,4,994930
Volkswagen,Tiguan,2013,9973,Diesel,Manual,First Owner,3890,366,5,1978310
Toyota,RAV4,2018,110328,Hybrid,Manual,Second Owner,1095,244,5,1711428
BMW,X5,2008,230351,Hybrid,Automatic,Second Owner,2053,116,4,2806900
Toyota,RAV4,2013,79803,Petrol,Manual,Second Owner,1367,148,5,1161570
Hyundai,Tucson,2013,20443,Hybrid,Automatic,First Owner,1111,99,5,1437587
Hyundai,Elantra,2018,42345,Diesel,Automatic,Second Owner,2538,131,4,1809397
BMW,320,2015,134231,Hybrid,Automatic,First Owner,2103,101,5,3259391
Hyundai,Tucson,2021,22159,Diesel,Manual,Second Owner,3594,189,4,2155977
Mercedes,GLA,2011,69570,Hybrid,Manual,Second Owner,3327,278,5,3413854
Toyota,RAV4,2024,58335,Petrol,Automatic,Third Owner,1688,195,7,1926989
Hyundai,Tucson,2022,15955,Petrol,Automatic,Third Owner,2184,155,4,2087923
Toyota,Camry,2016,161727,Diesel,Automatic,Second Owner,3589,178,7,1718918
Ford,Kuga,2017,16923,Petrol,Manual,Second Owner,1367,272,7,1835482
Toyota,Corolla,2016,235235,Diesel,Manual,Third Owner,3067,232,7,1464855
Mercedes,GLA,2016,202314,Hybrid,Automatic,Second Owner,2007,234,5,3438854
BMW,X5,2018,9161,Hybrid,Manual,Third Owner,1008,381,5,3705092
Toyota,Corolla,2013,113308,Hybrid,Automatic,Second Owner,3204,111,7,1879093
Volkswagen,Passat,2008,238982,Hybrid,Automatic,Third Owner,1505,250,5,1302425
Ford,Kuga,2019,106384,Petrol,Manual,First Owner,2895,259,4,2130271
Hyundai,Elantra,2015,199810,Petrol,Automatic,Third Owner,3904,253,4,1665101
Toyota,RAV4,2017,216921,Hybrid,Manual,First Owner,3022,255,4,2067352
Mercedes,E200,2014,6870,Petrol,Automatic,First Owner,2136,361,7,3638846
Hyundai,Elantra,2014,177972,Hybrid,Manual,First Owner,3409,135,7,1395193
Toyota,Corolla,2016,249728,Hybrid,Manual,Third Owner,3985,210,4,1650711
Ford,Kuga,2008,186662,Hybrid,Automatic,Third Owner,3294,302,4,1727723
Hyundai,Tucson,2009,228834,Diesel,Automatic,Second Owner,2122,132,7,904256
Kia,Sportage,2023,99757,Hybrid,Manual,Third Owner,1919,94,5,1851761
Hyundai,Tucson,2022,87900,Petrol,Automatic,First Owner,2370,111,7,1671144
Ford,Focus,2015,185761,Diesel,Manual,First Owner,1806,154,5,1030724
Mercedes,C200,2011,12306,Diesel,Automatic,First Owner,3427,390,5,4035778
Ford,Mondeo,2015,33269,Diesel,Manual,Second Owner,1222,240,7,1725893
Ford,Focus,2010,208358,Hybrid,Automatic,First Owner,3561,298,7,1927882
Toyota,Corolla,2009,245311,Petrol,Automatic,Second Owner,3840,103,4,998578
Toyota,Camry,2009,84028,Hybrid,Automatic,First Owner,1417,98,7,1257498
Toyota,Camry,2020,110298,Petrol,Automatic,First Owner,3455,389,4,2562181
Hyundai,Sonata,2022,213447,Diesel,Manual,Second Owner,3666,83,5,1277087
Kia,Sportage,2014,33313,Petrol,Manual,Third Owner,3921,104,7,1442917
Ford,Focus,2012,172081,Hybrid,Automatic,Second Owner,2724,316,7,1704150
Kia,Sportage,2013,68740,Petrol,Manual,First Owner,1522,229,7,1373203
Hyundai,Tucson,2019,86576,Hybrid,Manual,First Owner,2923,228,7,2182377
Mercedes,E200,2019,7118,Hybrid,Manual,First Owner,1972,329,7,3781586
Ford,Focus,2021,95129,Petrol,Manual,Third Owner,1824,105,5,1631940
BMW,X3,2023,187132,Hybrid,Automatic,Third Owner,3836,239,7,3764771
Kia,Sportage,2017,114758,Diesel,Manual,First Owner,2860,91,5,1057327
BMW,320,2015,186723,Petrol,Automatic,Third Owner,1873,192,5,2871171
Volkswagen,Polo,2020,58822,Diesel,Manual,First Owner,2486,75,4,1599820
Mercedes,C200,2011,42329,Diesel,Automatic,First Owner,3585,369,5,3878181
Toyota,Corolla,2014,56858,Diesel,Manual,First Owner,2073,159,5,1225901
Ford,Kuga,2015,51803,Petrol,Manual,First Owner,2072,121,4,1421496
Ford,Kuga,2012,104332,Hybrid,Manual,Second Owner,1861,226,5,1529709
BMW,X5,2019,178253,Petrol,Automatic,Third Owner,1267,130,4,2782649
BMW,320,2014,144606,Diesel,Automatic,Second Owner,3455,289,7,3484086
BMW,320,2014,228985,Hybrid,Automatic,First Owner,2342,196,4,3181178
Volkswagen,Polo,2012,228216,Hybrid,Automatic,First Owner,3979,111,5,1281459
Ford,Kuga,2010,48891,Hybrid,Automatic,Third Owner,3085,261,5,2238949
Kia,Sportage,2013,89364,Hybrid,Automatic,Third Owner,3844,317,7,2547385
Hyundai,Sonata,2016,157354,Diesel,Manual,First Owner,1899,173,5,1108807
Ford,Focus,2020,62303,Diesel,Automatic,Second Owner,3340,150,5,2010764
Mercedes,GLA,2010,40213,Petrol,Automatic,Second Owner,3125,250,4,3287428
Kia,Rio,2022,139286,Hybrid,Automatic,Second Owner,2847,309,5,2560079
Hyundai,Sonata,2023,88105,Diesel,Automatic,First Owner,1735,296,4,2091494
Mercedes,GLA,2010,99134,Petrol,Automatic,Third Owner,3100,349,7,3238488
Toyota,Camry,2015,30797,Petrol,Manual,Second Owner,1156,349,4,1730472
Mercedes,C200,2018,70542,Diesel,Automatic,First Owner,3890,379,4,4165825
Ford,Kuga,2016,7237,Diesel,Automatic,Second Owner,2654,277,7,2157666
Ford,Kuga,2008,128733,Hybrid,Manual,Second Owner,1932,186,7,1141741
Volkswagen,Passat,2023,66269,Hybrid,Automatic,Third Owner,2889,244,4,2676566
Mercedes,C200,2021,206885,Hybrid,Automatic,First Owner,2796,300,7,3378348
Toyota,Camry,2012,156390,Petrol,Automatic,Third Owner,1039,325,7,1627884
Ford,Mondeo,2018,64111,Diesel,Automatic,Third Owner,2652,345,5,1971120
Mercedes,GLA,2008,153787,Petrol,Manual,First Owner,2352,360,7,2790859
Ford,Kuga,2020,104960,Petrol,Automatic,First Owner,3189,267,4,1967979
Hyundai,Elantra,2018,154294,Diesel,Automatic,First Owner,1702,123,7,1160009
Kia,Rio,2009,221655,Hybrid,Automatic,First Owner,1764,171,4,1372914
Hyundai,Sonata,2014,66089,Diesel,Manual,Second Owner,1235,258,7,1327916
Toyota,Corolla,2018,230367,Diesel,Automatic,First Owner,1453,136,7,1249191
Hyundai,Sonata,2010,106972,Petrol,Manual,First Owner,2268,291,7,1346717
Volkswagen,Polo,2013,163258,Hybrid,Automatic,Third Owner,1831,327,7,1987190
Volkswagen,Polo,2016,57875,Petrol,Manual,Second Owner,1262,274,7,1570073
Ford,Focus,2024,91216,Hybrid,Automatic,Second Owner,2895,364,4,2669369
Volkswagen,Passat,2017,174423,Diesel,Automatic,Third Owner,3914,222,5,1992694
Kia,Rio,2021,70309,Petrol,Automatic,Second Owner,2575,163,7,1829068
Kia,Rio,2020,188145,Petrol,Manual,First Owner,2121,391,7,1685872
Mercedes,GLA,2010,187988,Hybrid,Manual,Second Owner,2684,353,4,3144906
Mercedes,C200,2011,137224,Diesel,Automatic,Second Owner,1675,199,4,2949415
Kia,Rio,2022,12003,Petrol,Automatic,Second Owner,2407,274,4,2449577
Hyundai,Elantra,2008,70694,Petrol,Manual,Second Owner,3745,307,5,1535564
Hyundai,Elantra,2010,148767,Hybrid,Manual,Third Owner,2792,141,5,1221377
Ford,Mondeo,2013,49718,Petrol,Manual,First Owner,2204,133,7,1165418
Volkswagen,Polo,2013,25338,Hybrid,Manual,Third Owner,2119,148,5,1898686
Mercedes,C200,2014,192278,Petrol,Manual,Second Owner,3853,94,7,2685684
Ford,Kuga,2011,107398,Hybrid,Automatic,Second Owner,1214,376,4,2021810
Toyota,Camry,2014,248484,Petrol,Automatic,First Owner,1819,116,4,1120424
Hyundai,Elantra,2008,93373,Petrol,Manual,First Owner,1395,155,7,845822
BMW,320,2021,139348,Petrol,Automatic,Second Owner,3302,390,4,3902747
Kia,Rio,2020,117166,Petrol,Manual,First Owner,1433,252,5,1581165
BMW,320,2020,176440,Diesel,Manual,Second Owner,1871,304,4,3177029
Toyota,RAV4,2016,175379,Hybrid,Automatic,First Owner,1275,181,5,1587408
Mercedes,GLA,2023,31689,Hybrid,Manual,Second Owner,1388,377,5,4146466
Volkswagen,Tiguan,2020,182707,Hybrid,Manual,Second Owner,1718,395,7,2187577
Mercedes,GLA,2023,22698,Diesel,Manual,Third Owner,3396,299,5,3971400
Kia,Cerato,2015,136968,Hybrid,Manual,First Owner,1086,385,4,1889356
Mercedes,C200,2021,203507,Petrol,Manual,First Owner,1563,261,5,3041731
Mercedes,C200,2012,103500,Petrol,Manual,First Owner,3970,376,5,3128769
Volkswagen,Polo,2012,77909,Diesel,Manual,Third Owner,2699,217,4,1528981
BMW,X3,2018,94844,Petrol,Manual,Third Owner,1221,197,7,2937935
Volkswagen,Tiguan,2015,164400,Diesel,Automatic,First Owner,2811,392,4,2172551
Toyota,Camry,2010,55453,Petrol,Manual,First Owner,1514,116,4,471755
Kia,Cerato,2014,66947,Hybrid,Manual,Second Owner,3969,309,5,2547212
BMW,X3,2014,69205,Diesel,Manual,Third Owner,2019,225,5,2906001
Kia,Sportage,2014,76266,Diesel,Manual,Second Owner,2631,263,4,1765845
Hyundai,Sonata,2021,137459,Hybrid,Automatic,First Owner,2974,80,5,1765196
Hyundai,Elantra,2017,161023,Hybrid,Manual,Third Owner,3976,159,5,1913770
Hyundai,Sonata,2017,123909,Diesel,Automatic,Third Owner,3482,316,4,1956469
Mercedes,C200,2023,56305,Petrol,Manual,First Owner,1052,326,7,3416624
Volkswagen,Polo,2023,111051,Diesel,Automatic,Third Owner,2528,266,5,2459202
Mercedes,GLA,2010,112161,Petrol,Manual,Second Owner,3316,153,4,2626975
Ford,Mondeo,2016,207183,Hybrid,Automatic,Third Owner,3904,320,7,2303848
Volkswagen,Polo,2009,175631,Diesel,Automatic,Third Owner,2010,194,5,1215748
Toyota,Camry,2008,187837,Hybrid,Manual,Second Owner,3479,303,7,1678028
BMW,X5,2015,162849,Hybrid,Manual,First Owner,1478,117,7,2761064
Volkswagen,Polo,2020,190091,Hybrid,Manual,Third Owner,1773,286,4,1955512
Ford,Mondeo,2016,186360,Diesel,Automatic,Third Owner,2261,280,7,2026942
Ford,Focus,2011,171770,Hybrid,Automatic,First Owner,2101,177,7,1455467
Hyundai,Tucson,2017,6683,Petrol,Automatic,First Owner,1396,105,7,1538698
Hyundai,Tucson,2021,176578,Diesel,Automatic,First Owner,1722,261,4,1965242
Volkswagen,Passat,2014,132525,Petrol,Manual,Second Owner,3322,178,4,1544078
BMW,320,2013,217121,Petrol,Automatic,Second Owner,2805,390,7,3489562
Toyota,RAV4,2013,25921,Diesel,Manual,Second Owner,1510,211,4,1447967
Mercedes,C200,2015,130277,Diesel,Manual,First Owner,1250,206,4,2520495
Volkswagen,Tiguan,2009,30386,Petrol,Manual,Second Owner,3469,336,5,1994592
Hyundai,Sonata,2018,163432,Diesel,Automatic,Second Owner,3792,245,5,1782484
Ford,Focus,2019,179346,Diesel,Automatic,Third Owner,1234,252,5,1651803
Ford,Focus,2008,124778,Hybrid,Automatic,Third Owner,1568,83,7,980002
Toyota,RAV4,2016,188308,Petrol,Automatic,Second Owner,3532,313,7,1926063
Hyundai,Tucson,2014,5820,Hybrid,Automatic,First Owner,3595,254,4,2411924
Ford,Kuga,2018,182715,Diesel,Manual,Third Owner,2984,274,7,1715373
Kia,Rio,2019,117175,Diesel,Manual,Third Owner,2576,220,7,1715338
BMW,X3,2012,233028,Hybrid,Manual,First Owner,3039,114,5,2916850
Ford,Kuga,2022,49054,Diesel,Manual,Second Owner,3714,346,4,2492022
BMW,320,2013,202460,Hybrid,Manual,First Owner,2781,84,4,2635606
Mercedes,E200,2016,62770,Hybrid,Automatic,Third Owner,2950,133,7,3594073
BMW,X3,2023,28708,Hybrid,Automatic,First Owner,3359,377,4,4717354
Volkswagen,Polo,2020,243594,Hybrid,Automatic,Third Owner,3630,357,5,2265670
Ford,Focus,2015,72919,Petrol,Automatic,First Owner,1456,115,5,1399672
Volkswagen,Tiguan,2014,200197,Petrol,Automatic,First Owner,2283,264,7,1607231
Volkswagen,Passat,2017,21222,Hybrid,Manual,Second Owner,2735,233,5,2055671
Ford,Kuga,2012,141249,Hybrid,Manual,First Owner,2619,74,7,1401708
Ford,Mondeo,2018,42932,Diesel,Manual,Second Owner,3785,303,4,2116877
Kia,Sportage,2012,200837,Hybrid,Manual,Third Owner,2311,228,7,1433812
Volkswagen,Passat,2016,227211,Hybrid,Automatic,Third Owner,1883,323,5,1909567
Volkswagen,Polo,2009,217391,Diesel,Manual,Third Owner,1862,185,7,759354
Volkswagen,Passat,2013,229599,Diesel,Automatic,Second Owner,3700,151,4,1158860
Kia,Sportage,2018,115739,Hybrid,Automatic,Second Owner,2603,270,4,2017964
Kia,Cerato,2017,79020,Hybrid,Manual,Third Owner,3244,271,4,2395235
BMW,X5,2009,227772,Hybrid,Automatic,Second Owner,3681,153,7,2802061
BMW,X5,2023,81305,Petrol,Manual,First Owner,1801,74,5,2793831
Volkswagen,Tiguan,2011,182816,Petrol,Automatic,Second Owner,3783,156,4,1018809
Toyota,Camry,2023,52089,Petrol,Manual,Third Owner,3662,243,7,2106777
Hyundai,Elantra,2020,69225,Petrol,Manual,First Owner,2624,320,5,1856686
Volkswagen,Tiguan,2013,176126,Hybrid,Automatic,Third Owner,3747,115,5,1893600
Ford,Kuga,2020,77146,Hybrid,Automatic,Second Owner,1047,131,4,1981730
Toyota,Corolla,2023,173141,Hybrid,Manual,First Owner,3403,363,7,2418445
Hyundai,Sonata,2011,213232,Hybrid,Manual,Second Owner,2983,400,7,2208851
Hyundai,Sonata,2012,31067,Diesel,Manual,Third Owner,3201,164,5,1575280
Ford,Kuga,2008,108231,Hybrid,Automatic,First Owner,3125,369,7,2026063
Volkswagen,Tiguan,2011,202527,Petrol,Manual,First Owner,3453,162,4,692985
Kia,Sportage,2018,37255,Petrol,Manual,Third Owner,1844,152,4,1825731
Kia,Sportage,2009,27180,Petrol,Automatic,Second Owner,3229,157,5,1264054
Volkswagen,Passat,2015,83800,Petrol,Automatic,Third Owner,3187,297,4,1756140
Kia,Sportage,2018,142013,Diesel,Manual,Third Owner,1405,92,4,1210109
Toyota,Corolla,2012,83566,Petrol,Manual,Third Owner,3261,180,7,1737980
Mercedes,E200,2012,196130,Hybrid,Automatic,First Owner,3252,200,5,3403180
Hyundai,Tucson,2013,109873,Diesel,Manual,Second Owner,3771,287,7,1797990
BMW,X3,2014,23496,Hybrid,Automatic,Third Owner,3854,400,4,4320321
Volkswagen,Polo,2024,163582,Petrol,Automatic,First Owner,2295,292,5,2275098
Toyota,RAV4,2015,25322,Diesel,Manual,Third Owner,1450,350,5,1905695
Toyota,Camry,2010,100110,Diesel,Automatic,First Owner,1924,210,4,1355558
Toyota,Camry,2015,104256,Petrol,Manual,First Owner,3156,226,7,1595518
Ford,Mondeo,2011,143663,Diesel,Automatic,Third Owner,2110,381,4,1722285
Toyota,Corolla,2018,202098,Diesel,Manual,Second Owner,3776,342,7,1804109
Kia,Sportage,2023,160270,Petrol,Automatic,First Owner,3812,332,7,2389158
BMW,X3,2012,42400,Diesel,Automatic,First Owner,3971,397,5,3549406
Volkswagen,Passat,2021,190279,Diesel,Manual,Second Owner,2449,309,7,1794541
Mercedes,E200,2021,141470,Hybrid,Manual,Second Owner,3603,114,5,3244221
Hyundai,Sonata,2010,171376,Petrol,Manual,Third Owner,1983,117,4,581659
Kia,Rio,2010,199880,Diesel,Automatic,First Owner,2736,330,7,1562624
BMW,X5,2023,140007,Hybrid,Manual,Second Owner,1056,385,4,3999686
Ford,Kuga,2008,192212,Diesel,Automatic,First Owner,3708,340,7,1759523
Kia,Rio,2022,49179,Hybrid,Manual,First Owner,1307,257,4,1904616
Kia,Sportage,2009,115814,Diesel,Automatic,First Owner,2528,127,5,966627
Volkswagen,Passat,2011,81038,Diesel,Automatic,Second Owner,2084,179,4,1489139
Volkswagen,Tiguan,2020,62006,Diesel,Manual,Second Owner,3530,319,4,2055614
Mercedes,C200,2022,91127,Diesel,Automatic,First Owner,1021,249,7,3359701
BMW,X5,2019,7323,Petrol,Automatic,Second Owner,1809,113,7,3271711
Kia,Rio,2021,37464,Diesel,Manual,First Owner,3689,198,4,1878170
Hyundai,Sonata,2019,83455,Diesel,Automatic,First Owner,3197,207,4,1995946
Hyundai,Tucson,2022,47423,Petrol,Automatic,Third Owner,2777,72,5,1601600
Ford,Kuga,2014,34010,Petrol,Automatic,First Owner,1547,272,5,1653824
Volkswagen,Polo,2009,47024,Hybrid,Manual,Second Owner,3724,206,4,1777519
Hyundai,Sonata,2023,214668,Hybrid,Manual,Second Owner,2637,326,7,1992264
Volkswagen,Polo,2012,33765,Petrol,Manual,First Owner,1637,246,7,1459091
Toyota,RAV4,2015,18641,Hybrid,Automatic,Second Owner,3445,74,5,1911522
Hyundai,Sonata,2017,132383,Petrol,Automatic,First Owner,3529,148,7,1767457
Kia,Rio,2015,78698,Petrol,Automatic,Third Owner,2013,289,4,1850641
Hyundai,Tucson,2011,188800,Hybrid,Manual,First Owner,3421,392,7,2170171
BMW,320,2011,39680,Diesel,Manual,Second Owner,1787,144,5,2617473
Toyota,RAV4,2014,28838,Petrol,Automatic,Second Owner,3150,226,7,1815413
Volkswagen,Passat,2015,93127,Diesel,Automatic,First Owner,3088,288,7,1965290
Toyota,Camry,2011,75581,Diesel,Automatic,Second Owner,3914,284,4,1977432
Mercedes,C200,2013,15718,Petrol,Manual,Third Owner,2317,178,5,2918443
Hyundai,Sonata,2011,117959,Petrol,Automatic,Second Owner,2489,241,5,1496020
Toyota,Corolla,2008,184034,Hybrid,Manual,Second Owner,2476,255,7,1235533
Ford,Kuga,2024,163522,Diesel,Manual,Third Owner,2130,177,7,1535520
Hyundai,Elantra,2011,39205,Hybrid,Manual,First Owner,3402,167,4,1488999
Volkswagen,Polo,2011,24629,Hybrid,Automatic,Second Owner,3971,312,4,2638828
Kia,Cerato,2012,16484,Petrol,Manual,Second Owner,3254,199,7,1366052
Mercedes,E200,2022,170115,Hybrid,Manual,Second Owner,1277,317,5,3439884
Kia,Cerato,2008,48761,Hybrid,Automatic,Third Owner,1528,218,4,1468916
Kia,Rio,2014,199174,Diesel,Automatic,Third Owner,3180,332,4,1942890
BMW,X5,2024,105702,Hybrid,Automatic,Second Owner,3487,209,4,3989903
BMW,320,2013,154919,Petrol,Manual,Third Owner,2865,327,7,3274573
Volkswagen,Tiguan,2016,84537,Petrol,Automatic,Third Owner,2099,352,4,1924752
BMW,320,2009,144871,Petrol,Automatic,First Owner,3619,145,5,2807457
BMW,X5,2009,173404,Petrol,Manual,Third Owner,1475,70,7,1874139
Mercedes,GLA,2019,90081,Petrol,Automatic,Third Owner,1547,279,7,3721160
Mercedes,E200,2009,169090,Petrol,Automatic,First Owner,3992,213,4,2764980
Mercedes,C200,2011,194425,Hybrid,Automatic,Third Owner,2054,390,7,3490723
Kia,Cerato,2014,219131,Diesel,Manual,Second Owner,2100,174,7,1106804
Volkswagen,Polo,2012,121930,Petrol,Automatic,Second Owner,1607,315,4,1646759
Hyundai,Elantra,2022,53503,Petrol,Manual,Third Owner,3009,162,7,1821550
Mercedes,C200,2017,47708,Petrol,Automatic,Third Owner,3489,166,4,3373460
BMW,320,2021,69291,Diesel,Automatic,First Owner,3966,339,4,4060389
Volkswagen,Passat,2011,104057,Diesel,Manual,First Owner,1055,399,4,1475585
BMW,320,2010,75164,Petrol,Manual,First Owner,1435,347,7,3077003
Ford,Mondeo,2010,58037,Petrol,Automatic,Third Owner,2819,153,5,1720854
Mercedes,E200,2012,68913,Petrol,Automatic,Third Owner,3226,133,4,2894950
Ford,Focus,2011,147774,Diesel,Manual,Third Owner,2701,142,4,809131
BMW,320,2015,116970,Diesel,Manual,Second Owner,3684,216,4,3095417
Volkswagen,Polo,2011,133927,Petrol,Manual,First Owner,1416,214,5,1416502
Toyota,RAV4,2018,36024,Diesel,Manual,First Owner,3476,147,4,1596300
Hyundai,Tucson,2018,162184,Petrol,Automatic,First Owner,3733,224,7,2141449
Ford,Mondeo,2019,234481,Petrol,Automatic,Second Owner,3710,258,5,2134193
Ford,Kuga,2010,211793,Petrol,Manual,Third Owner,1600,233,4,815875
Hyundai,Sonata,2023,218555,Petrol,Manual,Third Owner,2750,212,4,1740737
Toyota,Camry,2012,52676,Diesel,Automatic,Second Owner,3024,287,5,2110007
Volkswagen,Polo,2018,41233,Hybrid,Manual,Second Owner,2714,351,5,2345264
Kia,Cerato,2023,144584,Hybrid,Manual,Second Owner,1342,367,7,2249094
Hyundai,Tucson,2015,189311,Petrol,Manual,Second Owner,1011,174,4,870775
Mercedes,GLA,2023,40020,Petrol,Manual,Second Owner,2478,141,5,3141946
Hyundai,Elantra,2021,68569,Petrol,Manual,First Owner,1564,130,7,1375070
Volkswagen,Passat,2020,197172,Petrol,Automatic,Second Owner,1221,124,7,1115214
Kia,Rio,2023,224529,Hybrid,Manual,First Owner,1601,257,4,1888704
Toyota,Corolla,2010,8270,Hybrid,Automatic,First Owner,1747,310,7,1905014
BMW,X3,2024,188124,Diesel,Automatic,Second Owner,3959,242,5,3757669
Ford,Kuga,2008,80174,Petrol,Manual,First Owner,3631,86,7,765917
Ford,Focus,2024,47034,Petrol,Automatic,Second Owner,3784,302,7,2678164
Volkswagen,Polo,2024,85224,Hybrid,Manual,Second Owner,1642,209,4,2223381
Kia,Sportage,2012,199808,Petrol,Automatic,Third Owner,1229,182,5,740673
BMW,X3,2010,219055,Hybrid,Automatic,Second Owner,2282,398,5,3455298
Ford,Mondeo,2013,19331,Diesel,Automatic,First Owner,2105,125,4,1623738
Toyota,Camry,2018,12352,Petrol,Automatic,First Owner,3218,124,4,1686549
BMW,X3,2008,203317,Diesel,Manual,Third Owner,1826,396,4,3008151
BMW,X5,2010,154454,Hybrid,Manual,Third Owner,2981,93,4,2733594
Mercedes,C200,2017,7222,Diesel,Automatic,Second Owner,3048,169,5,3309504
Ford,Mondeo,2019,38952,Hybrid,Manual,Second Owner,2668,327,4,2381430
Kia,Rio,2008,158924,Diesel,Automatic,Third Owner,1153,218,4,1083851
BMW,X3,2022,25644,Hybrid,Manual,Third Owner,1948,180,7,3602312
Volkswagen,Passat,2013,136496,Hybrid,Automatic,Second Owner,1537,243,5,1795871
Mercedes,GLA,2021,15489,Hybrid,Automatic,First Owner,1855,382,7,4114170
Toyota,Corolla,2023,30534,Petrol,Manual,Second Owner,3241,114,5,1885486
Toyota,Camry,2018,49490,Diesel,Manual,First Owner,2147,365,5,1823512
Mercedes,C200,2010,51972,Hybrid,Automatic,Second Owner,2938,201,5,3322572
Volkswagen,Passat,2011,154090,Diesel,Manual,Second Owner,2174,275,5,1119833
Ford,Kuga,2012,120560,Diesel,Automatic,Second Owner,1341,281,7,1352200
Hyundai,Sonata,2009,167690,Hybrid,Manual,Third Owner,2002,357,4,1792833
BMW,320,2017,103519,Petrol,Automatic,First Owner,1913,268,5,3463608
Volkswagen,Passat,2019,127127,Diesel,Automatic,First Owner,1351,162,7,1594766
Toyota,Camry,2021,57290,Diesel,Automatic,First Owner,2299,245,7,1928923
Hyundai,Elantra,2023,34969,Diesel,Automatic,First Owner,3232,149,5,2089900
BMW,X3,2014,88935,Hybrid,Manual,Third Owner,2557,101,5,3140144
Ford,Mondeo,2023,60946,Petrol,Manual,First Owner,3800,286,5,2334365
Mercedes,GLA,2013,26912,Petrol,Manual,Second Owner,2659,111,5,3120425
Ford,Kuga,2022,233403,Diesel,Manual,Third Owner,2062,164,4,1411491
Toyota,Camry,2018,202440,Diesel,Manual,First Owner,2430,284,5,1598427
Hyundai,Tucson,2013,187633,Diesel,Automatic,Third Owner,3336,269,4,1601266
Kia,Cerato,2014,25397,Hybrid,Manual,Second Owner,3720,232,4,2107237
BMW,X5,2012,135926,Diesel,Manual,Third Owner,2664,204,7,2714877
Volkswagen,Passat,2022,223237,Petrol,Automatic,Third Owner,3369,119,4,1762592
BMW,X3,2014,115146,Hybrid,Manual,Third Owner,2546,180,5,3245113
BMW,320,2008,102060,Diesel,Manual,Second Owner,2257,327,4,2734031
Volkswagen,Polo,2022,113541,Diesel,Automatic,Second Owner,3221,288,7,2076383
Ford,Mondeo,2011,247836,Petrol,Automatic,Second Owner,2528,160,7,758097
Kia,Rio,2021,105024,Diesel,Automatic,Third Owner,2160,387,4,2407650
Toyota,Corolla,2010,175295,Petrol,Automatic,First Owner,3033,389,7,1611355
Toyota,RAV4,2022,136953,Hybrid,Manual,Third Owner,2187,285,4,1843710
BMW,X5,2020,35015,Petrol,Automatic,First Owner,2436,307,5,3821156
Ford,Kuga,2020,6993,Diesel,Manual,Third Owner,2161,207,7,2201613
Mercedes,E200,2021,181501,Petrol,Manual,Second Owner,1133,77,4,2548537
BMW,X5,2024,219967,Hybrid,Automatic,Second Owner,1698,362,5,4045539
BMW,X3,2020,55504,Hybrid,Automatic,First Owner,3366,289,4,4128666
Volkswagen,Polo,2013,110675,Diesel,Manual,Second Owner,1946,120,7,1005716
Ford,Focus,2024,36030,Hybrid,Automatic,Third Owner,2065,353,4,2958051
Mercedes,C200,2010,29448,Petrol,Automatic,First Owner,3575,373,4,3566312
Toyota,RAV4,2010,154892,Diesel,Manual,Third Owner,1534,302,7,1215424
Volkswagen,Polo,2013,67841,Hybrid,Manual,Second Owner,1793,344,4,1991522
Volkswagen,Polo,2016,177820,Petrol,Automatic,First Owner,1588,391,4,1759846
Volkswagen,Tiguan,2011,34080,Diesel,Manual,First Owner,1580,214,5,1402646
BMW,320,2010,134563,Diesel,Manual,Second Owner,1412,321,4,2718930
Hyundai,Elantra,2023,169018,Petrol,Manual,Third Owner,2719,262,5,1761452
Volkswagen,Polo,2013,52135,Diesel,Manual,First Owner,3701,360,7,2081356
Kia,Rio,2011,94865,Diesel,Automatic,Third Owner,3457,349,4,1816549
BMW,X3,2016,247898,Petrol,Manual,Third Owner,1121,344,4,2836581
Kia,Cerato,2012,61703,Diesel,Manual,First Owner,1120,237,4,1235726
BMW,320,2012,75147,Diesel,Automatic,First Owner,1376,248,7,3138990
Kia,Cerato,2017,127432,Hybrid,Automatic,Second Owner,3099,274,4,2316190
Mercedes,C200,2014,185107,Hybrid,Automatic,Second Owner,1421,368,7,3459181
Mercedes,C200,2014,194283,Diesel,Automatic,Second Owner,2735,375,7,3481848
Mercedes,E200,2011,164198,Diesel,Automatic,First Owner,3323,250,5,3253585
Volkswagen,Passat,2022,48843,Petrol,Automatic,Third Owner,2678,220,7,2237685
Ford,Kuga,2024,97341,Diesel,Manual,First Owner,1736,235,5,1854770
Ford,Focus,2019,69308,Petrol,Manual,Third Owner,2522,260,4,1642908
Ford,Mondeo,2011,7525,Diesel,Manual,Third Owner,2347,179,5,1174732
Kia,Sportage,2015,152230,Petrol,Automatic,Second Owner,3464,178,7,1564356
BMW,320,2016,192764,Hybrid,Manual,Third Owner,3647,285,7,3382595
Ford,Mondeo,2018,218226,Diesel,Manual,First Owner,1203,322,5,1420952
Toyota,Camry,2021,36263,Petrol,Automatic,First Owner,3463,237,7,2297921
Hyundai,Elantra,2008,79720,Petrol,Manual,Second Owner,2164,137,5,987113
Toyota,RAV4,2024,15255,Diesel,Manual,First Owner,2924,118,5,1892515
Volkswagen,Polo,2016,88149,Diesel,Automatic,First Owner,3279,230,5,1963527
Kia,Rio,2020,83235,Hybrid,Automatic,Second Owner,3625,132,5,2216951
Kia,Rio,2008,63724,Petrol,Manual,First Owner,1430,235,7,778232
Volkswagen,Polo,2015,49614,Petrol,Manual,Third Owner,2510,345,4,1748871
Volkswagen,Passat,2016,236556,Petrol,Manual,First Owner,2246,108,5,912174
Mercedes,GLA,2020,75755,Hybrid,Manual,First Owner,3389,305,4,3737885
BMW,X5,2012,202403,Hybrid,Automatic,Third Owner,2830,132,7,3039683
Kia,Rio,2023,178347,Diesel,Automatic,Second Owner,3993,317,4,2614368
Toyota,Camry,2017,191484,Petrol,Automatic,Third Owner,1992,175,7,1586146
Toyota,Corolla,2023,20798,Petrol,Manual,Third Owner,1885,309,5,2131637
BMW,X5,2011,94246,Petrol,Automatic,Second Owner,3902,302,7,3625416
BMW,X3,2011,244632,Petrol,Manual,Second Owner,2579,301,7,2722386
Kia,Rio,2020,54270,Petrol,Automatic,Second Owner,1672,227,7,1859197
Volkswagen,Passat,2012,125836,Petrol,Manual,First Owner,1067,305,4,1178867
Mercedes,C200,2023,178509,Hybrid,Automatic,Second Owner,2087,130,7,3385661
Toyota,Camry,2021,60591,Petrol,Automatic,Third Owner,2764,330,5,2310191
Toyota,Camry,2016,101935,Petrol,Manual,Third Owner,2566,286,4,1721592
Mercedes,C200,2020,51306,Hybrid,Automatic,Third Owner,3488,322,7,4249674
Hyundai,Elantra,2009,174435,Petrol,Manual,First Owner,1471,97,4,564736
Kia,Sportage,2015,22261,Hybrid,Manual,Second Owner,1927,387,7,2327568
Volkswagen,Polo,2020,107992,Petrol,Manual,Third Owner,3833,207,5,2055062
BMW,320,2014,96129,Hybrid,Automatic,Third Owner,3442,217,7,3708975
Toyota,Corolla,2013,136921,Hybrid,Automatic,Third Owner,2250,192,4,1470923
Mercedes,GLA,2010,48685,Petrol,Automatic,Second Owner,1580,76,7,2146541
Hyundai,Sonata,2018,10459,Petrol,Automatic,First Owner,1699,74,7,1659079
Mercedes,E200,2008,133006,Petrol,Automatic,First Owner,1185,78,7,2001706
Volkswagen,Polo,2015,142696,Hybrid,Manual,First Owner,1384,121,5,1240993
Ford,Kuga,2018,123650,Diesel,Automatic,Third Owner,2054,319,5,1782783
Mercedes,E200,2008,221989,Diesel,Automatic,Third Owner,2366,335,7,2578124
Ford,Kuga,2023,34559,Diesel,Manual,First Owner,2680,182,7,2019101
BMW,X5,2023,13101,Petrol,Automatic,Second Owner,1845,115,4,3501921
Hyundai,Tucson,2011,76807,Hybrid,Automatic,Third Owner,1716,205,7,1579809
Mercedes,E200,2020,159441,Diesel,Automatic,Second Owner,1780,91,7,2486961
Kia,Cerato,2018,223673,Hybrid,Manual,Second Owner,2863,360,5,2000167
Mercedes,C200,2008,135790,Hybrid,Manual,Second Owner,3789,146,7,2920540
Mercedes,GLA,2013,84598,Diesel,Automatic,First Owner,2207,77,5,2482517
Toyota,Corolla,2017,221392,Hybrid,Manual,First Owner,3000,226,4,1749719
Hyundai,Sonata,2008,18081,Diesel,Manual,Second Owner,2160,327,7,1503041
Ford,Kuga,2012,27545,Hybrid,Automatic,First Owner,1805,291,7,2130053
Toyota,Camry,2015,13424,Diesel,Automatic,First Owner,3779,396,5,2497939
Hyundai,Sonata,2011,239103,Diesel,Automatic,Third Owner,2272,158,7,861633
Hyundai,Tucson,2018,215863,Hybrid,Manual,Third Owner,1817,198,4,1715309
Hyundai,Tucson,2014,83921,Diesel,Manual,Second Owner,3321,391,5,1984028
Kia,Rio,2020,210102,Diesel,Manual,First Owner,3156,296,7,1789100
Mercedes,GLA,2019,127782,Diesel,Automatic,Second Owner,2722,280,5,3362745
Toyota,RAV4,2008,206004,Diesel,Manual,First Owner,3519,224,4,1009349
Kia,Cerato,2019,38364,Hybrid,Automatic,First Owner,2608,134,5,1966751
Volkswagen,Passat,2022,216676,Hybrid,Automatic,First Owner,1346,98,5,1587606
Ford,Kuga,2011,92420,Hybrid,Manual,Second Owner,3316,316,7,2209316
Mercedes,C200,2011,199110,Hybrid,Manual,Third Owner,1839,334,4,2856844
Kia,Cerato,2023,40757,Petrol,Manual,Second Owner,3573,229,7,1934901
Toyota,Camry,2014,35070,Petrol,Manual,First Owner,3473,131,7,1698985
Toyota,Corolla,2014,32159,Diesel,Manual,Third Owner,2817,270,4,1701833
Toyota,Camry,2020,131804,Petrol,Manual,Third Owner,2066,383,7,1903431
Hyundai,Tucson,2011,118338,Petrol,Manual,First Owner,1580,193,4,1188809
Kia,Cerato,2014,129822,Diesel,Automatic,Second Owner,3734,121,7,1412113
Hyundai,Sonata,2016,107547,Diesel,Manual,Second Owner,2707,287,4,1982357
Toyota,Camry,2022,36490,Hybrid,Automatic,First Owner,3377,225,4,2697758
Volkswagen,Tiguan,2022,16175,Diesel,Manual,Second Owner,3961,304,5,2348613
Toyota,Corolla,2019,136239,Hybrid,Manual,Second Owner,3892,338,5,2729918
Kia,Rio,2013,176945,Petrol,Automatic,Third Owner,3945,358,5,1892002
Hyundai,Tucson,2012,77965,Hybrid,Automatic,Second Owner,1279,400,5,2247234
Hyundai,Sonata,2013,156005,Hybrid,Automatic,First Owner,3858,235,7,2049083
Kia,Sportage,2020,22713,Petrol,Manual,Third Owner,1651,188,4,1867485
Volkswagen,Passat,2023,249903,Hybrid,Automatic,Second Owner,1948,191,4,2154120
BMW,X3,2020,203132,Diesel,Manual,First Owner,3506,198,4,3119436
Toyota,RAV4,2010,120744,Diesel,Manual,First Owner,2315,125,7,805249
Hyundai,Sonata,2012,172089,Hybrid,Manual,First Owner,2034,321,5,1732417
Volkswagen,Polo,2015,57741,Hybrid,Manual,Second Owner,3164,168,4,1727460
Kia,Rio,2011,58356,Petrol,Manual,First Owner,2472,278,7,1801096
Kia,Rio,2018,53576,Hybrid,Automatic,First Owner,1849,362,5,2495678
Kia,Sportage,2019,167130,Hybrid,Manual,First Owner,2797,288,7,2000491
Hyundai,Elantra,2010,38342,Hybrid,Automatic,First Owner,1483,325,4,1985968
Toyota,RAV4,2018,10909,Petrol,Automatic,Second Owner,2599,253,4,1898463
Ford,Focus,2017,24602,Hybrid,Manual,Third Owner,3503,326,5,2295503
Hyundai,Tucson,2009,148115,Hybrid,Manual,Third Owner,2929,204,7,1583182
Toyota,Corolla,2018,115468,Diesel,Manual,Second Owner,1243,141,4,1109479
Kia,Cerato,2018,247266,Hybrid,Manual,First Owner,3021,107,7,1269081
Kia,Cerato,2009,95661,Petrol,Automatic,Third Owner,3508,111,7,1342875
Hyundai,Elantra,2016,194616,Petrol,Manual,First Owner,3034,329,4,1866223
Volkswagen,Polo,2021,130198,Diesel,Manual,First Owner,1226,83,4,1288846
Kia,Cerato,2020,183766,Hybrid,Manual,Third Owner,2974,96,5,1767975
Ford,Mondeo,2012,117648,Hybrid,Automatic,Third Owner,1564,129,5,1308284
Toyota,RAV4,2019,97219,Petrol,Automatic,Second Owner,1237,191,4,1405340
Toyota,RAV4,2008,64539,Diesel,Manual,First Owner,3948,197,4,1580822
Toyota,Corolla,2012,119964,Petrol,Automatic,First Owner,2286,249,7,1477070
Volkswagen,Passat,2017,39004,Hybrid,Automatic,Second Owner,3693,132,7,2118317
Toyota,Corolla,2016,147513,Petrol,Automatic,Third Owner,2462,182,5,1728503
Volkswagen,Polo,2019,209526,Hybrid,Automatic,Third Owner,2000,339,5,2261882
Mercedes,GLA,2024,32362,Petrol,Automatic,Second Owner,3889,388,5,4457009
Mercedes,C200,2014,244088,Petrol,Manual,Second Owner,3264,177,4,2968674
Mercedes,GLA,2012,14402,Petrol,Automatic,Third Owner,2858,128,4,2923368
Hyundai,Elantra,2016,77867,Hybrid,Automatic,Second Owner,1346,100,5,1735342
Ford,Kuga,2020,134854,Petrol,Automatic,Second Owner,2818,92,4,1591543
BMW,X5,2013,177995,Diesel,Manual,Third Owner,2249,86,7,2386648
Ford,Mondeo,2008,243565,Hybrid,Automatic,Second Owner,3420,180,4,1605140
Mercedes,GLA,2021,231949,Diesel,Manual,First Owner,3266,268,7,3322177
Volkswagen,Polo,2022,116105,Hybrid,Automatic,First Owner,2561,309,7,2605184
BMW,320,2008,78583,Hybrid,Automatic,First Owner,2023,347,5,3574660
Mercedes,GLA,2020,15120,Hybrid,Automatic,Second Owner,2100,198,7,3725017
Ford,Kuga,2008,37586,Diesel,Automatic,Second Owner,1732,297,5,1401246
Toyota,Camry,2008,127274,Petrol,Automatic,Second Owner,3612,354,4,1615530
Hyundai,Elantra,2010,77468,Hybrid,Automatic,First Owner,2804,162,5,1375710
Ford,Mondeo,2016,232817,Diesel,Manual,First Owner,3581,159,4,1577447
Ford,Kuga,2009,65993,Petrol,Manual,First Owner,3803,329,5,1545482
Kia,Sportage,2009,150072,Hybrid,Manual,First Owner,3926,202,5,1510567
Toyota,RAV4,2019,146673,Hybrid,Manual,Third Owner,1961,249,4,1831782
Toyota,RAV4,2022,34670,Hybrid,Manual,First Owner,1835,236,7,2242021
Mercedes,GLA,2021,23715,Hybrid,Automatic,Second Owner,1586,82,5,3567830
Kia,Sportage,2018,111990,Hybrid,Automatic,Second Owner,2204,388,4,2605691
BMW,X5,2009,81250,Petrol,Manual,First Owner,3494,178,5,2669138
Kia,Cerato,2024,210381,Hybrid,Automatic,First Owner,2551,368,4,2556819
Volkswagen,Tiguan,2012,104900,Hybrid,Manual,First Owner,1919,359,7,1917936
Kia,Cerato,2021,146287,Hybrid,Manual,Third Owner,1210,380,5,2151622
Volkswagen,Tiguan,2024,120610,Diesel,Automatic,First Owner,3356,220,4,2453281
Mercedes,C200,2019,65526,Diesel,Automatic,Third Owner,1472,193,5,3295894
Volkswagen,Polo,2019,25890,Diesel,Manual,Second Owner,3676,317,7,2352351
BMW,X5,2021,65231,Hybrid,Manual,Third Owner,2003,278,7,3814420
Kia,Cerato,2012,163740,Diesel,Automatic,Second Owner,2285,130,4,1316291
Hyundai,Sonata,2024,43901,Hybrid,Automatic,Third Owner,1811,162,5,2316001
Toyota,Corolla,2011,114740,Diesel,Automatic,Third Owner,1413,134,4,872945
Ford,Mondeo,2008,185891,Petrol,Manual,First Owner,3109,341,5,1407021
Hyundai,Sonata,2012,110465,Hybrid,Manual,Third Owner,2201,130,5,1236516
Ford,Mondeo,2011,194315,Petrol,Manual,Third Owner,2453,299,5,1197527
Volkswagen,Polo,2021,80835,Diesel,Manual,Third Owner,1751,371,7,2166434
Toyota,Corolla,2008,160596,Hybrid,Automatic,Third Owner,3659,302,5,2068400
Mercedes,E200,2013,138344,Hybrid,Automatic,First Owner,1951,222,5,3224152
Mercedes,C200,2024,240222,Hybrid,Automatic,Second Owner,2322,266,5,3779180
Ford,Focus,2012,15992,Hybrid,Manual,Second Owner,3126,212,7,2122248
Kia,Sportage,2011,96054,Diesel,Manual,First Owner,2179,210,5,1245854
Hyundai,Elantra,2013,80622,Diesel,Manual,First Owner,3729,212,4,1968358
Toyota,Corolla,2024,202883,Petrol,Manual,Third Owner,1162,346,7,1918360
Ford,Focus,2008,133022,Petrol,Automatic,First Owner,2154,362,5,1297941
Volkswagen,Polo,2024,38076,Diesel,Automatic,First Owner,3933,131,5,2354299
Hyundai,Sonata,2016,27770,Petrol,Automatic,Third Owner,3739,129,5,1884983
Ford,Focus,2015,195673,Petrol,Automatic,First Owner,3076,241,5,1816016
Hyundai,Tucson,2024,181182,Petrol,Automatic,First Owner,2775,121,7,1857363
Ford,Kuga,2018,54911,Hybrid,Manual,Third Owner,3569,74,4,1789759
BMW,X3,2020,233619,Petrol,Manual,Second Owner,2925,147,5,2655367
Ford,Focus,2023,79081,Petrol,Manual,Third Owner,1363,334,7,1999934
Volkswagen,Passat,2008,118854,Petrol,Automatic,Third Owner,3503,176,7,1200163
BMW,320,2021,185350,Diesel,Automatic,Third Owner,3391,190,7,3275871
Mercedes,E200,2024,177213,Petrol,Automatic,First Owner,2196,318,5,3758260
Ford,Kuga,2020,161720,Diesel,Automatic,Second Owner,1395,182,4,1791295
Ford,Mondeo,2021,122223,Diesel,Manual,Third Owner,2740,129,4,1598254
Hyundai,Sonata,2011,96115,Hybrid,Automatic,Third Owner,1524,317,5,1699487
Kia,Sportage,2015,12592,Diesel,Automatic,Third Owner,1881,279,4,1971156
Kia,Sportage,2016,181944,Diesel,Automatic,Second Owner,2810,287,5,1954606
Mercedes,C200,2016,132272,Hybrid,Manual,Second Owner,3606,93,5,3017388
Hyundai,Sonata,2015,155078,Petrol,Manual,Third Owner,1451,384,7,1597391
Mercedes,C200,2008,194327,Petrol,Automatic,First Owner,3886,240,5,2896449
Ford,Kuga,2010,176686,Petrol,Manual,Second Owner,3193,171,4,935343
Ford,Kuga,2020,230371,Hybrid,Manual,Second Owner,1661,261,5,1838150
Hyundai,Elantra,2015,8575,Petrol,Manual,Third Owner,1419,326,5,1742557
Ford,Mondeo,2009,46142,Diesel,Automatic,First Owner,1942,393,7,1894445
BMW,320,2016,201585,Petrol,Automatic,Third Owner,2641,137,7,2702356
Mercedes,C200,2010,24369,Hybrid,Automatic,First Owner,1060,347,7,3412143
BMW,320,2020,55930,Hybrid,Automatic,Second Owner,2741,332,7,4237647
Toyota,Camry,2016,125299,Petrol,Manual,Second Owner,3687,365,5,1959027
Hyundai,Sonata,2021,29395,Petrol,Automatic,Third Owner,2140,317,5,2563754
Volkswagen,Tiguan,2024,69124,Diesel,Manual,Second Owner,3980,271,5,2276306
Ford,Kuga,2011,123559,Petrol,Manual,Second Owner,1950,298,5,1374084
Hyundai,Tucson,2011,173511,Diesel,Automatic,First Owner,3580,112,4,1359866
Kia,Rio,2014,231709,Diesel,Manual,First Owner,1578,276,7,950527
Ford,Mondeo,2024,194538,Hybrid,Manual,First Owner,3021,199,5,1797452
Mercedes,GLA,2018,223712,Petrol,Manual,Second Owner,3822,359,7,3194527
Hyundai,Elantra,2016,185983,Petrol,Automatic,Third Owner,3047,230,7,1849471
BMW,X5,2022,190825,Diesel,Manual,First Owner,2743,109,5,2819521
BMW,320,2013,141298,Hybrid,Manual,First Owner,1808,294,4,3557333
Toyota,Camry,2023,49753,Hybrid,Automatic,First Owner,3240,284,5,2661856
Toyota,Camry,2011,119158,Diesel,Automatic,Third Owner,2320,384,5,1847366
Kia,Cerato,2013,42097,Diesel,Manual,Third Owner,3926,260,7,2036022
Kia,Sportage,2023,126341,Petrol,Automatic,Third Owner,3949,139,4,2338081
Kia,Cerato,2023,7574,Diesel,Automatic,First Owner,1615,310,4,2661327
Toyota,Camry,2014,57236,Hybrid,Manual,Third Owner,2878,239,4,2095982
Toyota,RAV4,2022,160832,Petrol,Manual,Second Owner,3606,356,4,2362845
Mercedes,GLA,2008,248238,Petrol,Automatic,Second Owner,2745,369,7,3026653
Mercedes,E200,2020,249923,Diesel,Manual,First Owner,3427,148,4,3000958
Volkswagen,Passat,2016,51746,Diesel,Manual,First Owner,3139,370,7,2009680
Ford,Mondeo,2018,155904,Hybrid,Automatic,Third Owner,3522,312,4,2273762
BMW,320,2015,61739,Petrol,Manual,First Owner,1675,313,4,3159765
Mercedes,C200,2009,40907,Hybrid,Automatic,Second Owner,3723,311,5,3678608
Mercedes,GLA,2011,68117,Hybrid,Automatic,Second Owner,2579,312,5,3512631
Mercedes,GLA,2018,144116,Petrol,Manual,First Owner,3595,212,7,3285476
BMW,X5,2022,133475,Hybrid,Automatic,Third Owner,1492,355,5,4087645
Volkswagen,Polo,2013,11631,Diesel,Automatic,Third Owner,2417,287,4,1920049
Kia,Cerato,2014,105258,Diesel,Manual,Third Owner,1043,170,5,1292563
Mercedes,GLA,2014,6471,Hybrid,Automatic,Second Owner,1385,258,5,3368554
Kia,Rio,2016,13789,Hybrid,Automatic,Third Owner,2960,273,4,2369873
Volkswagen,Tiguan,2016,76873,Hybrid,Manual,Third Owner,1124,311,7,1784830
Volkswagen,Polo,2023,50553,Diesel,Manual,First Owner,2513,84,7,1355863
Volkswagen,Passat,2013,233304,Petrol,Manual,Second Owner,1489,98,5,639339
Volkswagen,Tiguan,2009,87375,Petrol,Automatic,First Owner,3683,384,7,1969437
Toyota,Camry,2018,240336,Hybrid,Manual,Third Owner,3957,257,7,2182395
Toyota,RAV4,2020,114151,Hybrid,Manual,First Owner,1790,326,4,2249819
Volkswagen,Polo,2010,50242,Diesel,Manual,Second Owner,3492,171,7,1197187
Kia,Sportage,2013,171540,Hybrid,Manual,Second Owner,2121,357,5,2095683
Toyota,Camry,2022,153943,Hybrid,Manual,Third Owner,2896,115,4,1997169
Toyota,Corolla,2010,53669,Diesel,Manual,First Owner,1042,181,7,1088776
Mercedes,E200,2010,234952,Hybrid,Manual,Second Owner,3788,398,4,3359323
Volkswagen,Tiguan,2012,86392,Petrol,Automatic,Third Owner,2175,161,5,1212050
BMW,X3,2018,113523,Petrol,Manual,Second Owner,1816,160,5,2789522
Mercedes,GLA,2022,74348,Petrol,Automatic,Second Owner,3370,256,5,3960116
Ford,Kuga,2024,122879,Hybrid,Manual,First Owner,3397,267,4,2713979
Kia,Cerato,2014,189074,Diesel,Automatic,Third Owner,3793,217,4,1864788
Mercedes,GLA,2024,149601,Hybrid,Automatic,First Owner,3102,177,5,3735270
BMW,X5,2016,13243,Petrol,Manual,Second Owner,1572,309,7,3113871
Mercedes,E200,2020,177570,Hybrid,Manual,Second Owner,3872,123,7,3354292
Mercedes,C200,2013,115469,Diesel,Automatic,Second Owner,3653,121,4,2704246
Mercedes,E200,2013,127379,Hybrid,Manual,First Owner,2798,385,5,3625917
Kia,Cerato,2021,196615,Diesel,Automatic,First Owner,2034,261,7,1792229
Mercedes,E200,2020,83688,Petrol,Manual,Third Owner,1441,285,5,3191368
Ford,Mondeo,2020,160471,Petrol,Manual,Third Owner,1681,223,7,1249502
Volkswagen,Tiguan,2014,153894,Petrol,Manual,Third Owner,2364,97,4,1066352
Mercedes,C200,2019,125248,Diesel,Manual,Second Owner,1003,145,4,2632548
BMW,X5,2017,26069,Petrol,Manual,First Owner,2788,116,7,2830574
BMW,320,2019,6296,Diesel,Manual,Second Owner,1409,311,7,2995418
Volkswagen,Polo,2014,244293,Diesel,Automatic,Second Owner,3892,194,4,1476086
Hyundai,Elantra,2018,205027,Petrol,Automatic,Second Owner,2159,287,7,1997133
Hyundai,Tucson,2010,95929,Diesel,Manual,First Owner,3492,161,4,1483630
Mercedes,E200,2018,136453,Petrol,Automatic,First Owner,3644,187,4,3272629
Hyundai,Elantra,2009,60373,Diesel,Automatic,First Owner,2390,266,7,1462422
BMW,X5,2012,79701,Diesel,Automatic,Third Owner,2968,87,5,2873614
Hyundai,Elantra,2013,109389,Hybrid,Manual,Second Owner,1338,247,7,1399664
Volkswagen,Passat,2020,215645,Petrol,Manual,Second Owner,1527,364,7,1753028
Hyundai,Tucson,2022,8037,Diesel,Automatic,Second Owner,1223,225,5,2144788
Mercedes,GLA,2011,163239,Diesel,Automatic,Second Owner,3916,241,7,3297461
Mercedes,C200,2013,116166,Hybrid,Automatic,Third Owner,1327,146,4,2966694
Mercedes,GLA,2016,56803,Hybrid,Automatic,Second Owner,1198,307,5,3603042
Toyota,Corolla,2023,125651,Diesel,Manual,Third Owner,3811,259,5,1986150
Hyundai,Sonata,2017,206020,Petrol,Automatic,First Owner,2201,252,5,1474077
Toyota,Camry,2018,83035,Hybrid,Manual,Third Owner,1457,252,7,1848508
Toyota,RAV4,2020,70176,Petrol,Manual,Third Owner,1387,134,7,1457802
BMW,X3,2023,118010,Diesel,Automatic,Second Owner,3822,386,4,4289317
Ford,Kuga,2024,154177,Diesel,Manual,First Owner,2337,260,4,1771719
BMW,X3,2011,105116,Hybrid,Manual,Second Owner,3608,224,5,3464871
Hyundai,Elantra,2013,200760,Diesel,Manual,Second Owner,1476,168,7,849211
Mercedes,E200,2024,146336,Petrol,Manual,Second Owner,3348,312,4,3686322
Ford,Mondeo,2016,200787,Hybrid,Manual,Second Owner,3054,93,7,1276944
Hyundai,Elantra,2017,76481,Petrol,Automatic,First Owner,1076,282,7,1399801
BMW,X5,2016,126226,Hybrid,Automatic,First Owner,1906,185,4,3428554
Volkswagen,Polo,2015,21704,Hybrid,Automatic,Third Owner,3916,381,5,2857018
Kia,Sportage,2018,146939,Diesel,Automatic,Third Owner,1051,245,5,1534072
Mercedes,E200,2022,44787,Diesel,Automatic,First Owner,3180,157,7,3589974
Hyundai,Sonata,2020,13458,Hybrid,Manual,Third Owner,2992,357,5,2691774
Toyota,Corolla,2024,101781,Diesel,Automatic,Second Owner,2849,309,4,2161906
BMW,X3,2013,168647,Diesel,Automatic,Second Owner,1095,215,7,2635098
Volkswagen,Polo,2015,103378,Hybrid,Manual,Second Owner,3486,133,4,1817783
Hyundai,Elantra,2014,34001,Hybrid,Automatic,First Owner,1651,275,7,1879004
Hyundai,Sonata,2014,114623,Hybrid,Automatic,Second Owner,2487,392,4,2367837
Volkswagen,Tiguan,2018,136676,Hybrid,Automatic,First Owner,2654,323,5,2128760
Mercedes,E200,2013,247197,Petrol,Automatic,Second Owner,1013,342,5,2932520
Ford,Mondeo,2013,184136,Petrol,Automatic,Third Owner,3675,284,5,1737631
Hyundai,Elantra,2008,167234,Petrol,Manual,Third Owner,3539,327,4,1171612
Kia,Cerato,2021,10985,Diesel,Manual,First Owner,3331,390,5,2677390
Volkswagen,Passat,2019,10955,Hybrid,Automatic,Third Owner,3094,168,4,2202001
Hyundai,Sonata,2015,50930,Diesel,Manual,Second Owner,1543,220,4,1308052
Toyota,Corolla,2022,125374,Petrol,Automatic,First Owner,1724,306,7,2102937
Volkswagen,Passat,2018,233611,Petrol,Manual,Second Owner,3957,105,4,1461123
Volkswagen,Passat,2021,232295,Hybrid,Automatic,Second Owner,1288,283,5,1833736
Volkswagen,Tiguan,2011,192641,Hybrid,Manual,Second Owner,2969,100,5,1169319
Ford,Mondeo,2009,100256,Diesel,Automatic,Second Owner,1508,123,4,1047510
Ford,Mondeo,2011,194266,Petrol,Automatic,Second Owner,3689,243,4,1626283
BMW,X5,2014,74339,Petrol,Automatic,Third Owner,3841,107,5,3121438
Volkswagen,Polo,2015,203437,Diesel,Automatic,Second Owner,3822,297,5,1803871
Ford,Mondeo,2016,153958,Diesel,Manual,First Owner,1606,337,5,1451345
Toyota,Corolla,2019,152728,Diesel,Automatic,Second Owner,3932,151,7,1824765
Volkswagen,Polo,2023,191929,Diesel,Automatic,First Owner,3847,135,4,1719871
Kia,Sportage,2020,72451,Hybrid,Manual,First Owner,1866,368,5,1916795
BMW,X3,2008,73005,Diesel,Automatic,Second Owner,3533,157,5,2941923
Volkswagen,Passat,2024,87390,Hybrid,Automatic,Second Owner,2987,156,7,2498860
Hyundai,Elantra,2023,240178,Diesel,Manual,Third Owner,1265,245,4,1117454
Mercedes,C200,2015,44344,Diesel,Manual,Third Owner,1806,252,5,2910752
Hyundai,Tucson,2008,225194,Hybrid,Manual,Third Owner,1829,256,7,1256835
Toyota,Camry,2011,91380,Hybrid,Manual,Second Owner,3266,343,7,2323264
Kia,Rio,2009,122082,Hybrid,Manual,First Owner,2048,163,7,1223655
Volkswagen,Passat,2015,185784,Hybrid,Automatic,First Owner,1164,381,5,1896331
Kia,Sportage,2010,199801,Petrol,Manual,First Owner,3140,225,4,1106463
BMW,320,2015,158531,Hybrid,Automatic,Second Owner,1402,344,4,3709469
Mercedes,GLA,2010,56491,Diesel,Manual,Second Owner,1341,313,4,2773773
Toyota,RAV4,2014,161839,Diesel,Automatic,Third Owner,1039,367,5,1529793
Ford,Focus,2022,208789,Hybrid,Manual,Third Owner,3600,384,5,2410010
Toyota,Camry,2021,162641,Diesel,Automatic,Third Owner,1723,238,7,1635168
Hyundai,Tucson,2017,174156,Diesel,Automatic,Third Owner,2019,244,5,1632938
Volkswagen,Tiguan,2024,85951,Hybrid,Automatic,First Owner,1746,319,4,2831199
Mercedes,GLA,2023,134967,Petrol,Manual,First Owner,2769,225,4,3406377
Ford,Mondeo,2018,172217,Hybrid,Manual,First Owner,1445,188,4,1504462
Mercedes,GLA,2017,88890,Hybrid,Automatic,First Owner,3804,223,7,3756548
BMW,X3,2012,89873,Petrol,Manual,Second Owner,1703,150,7,2316225
Volkswagen,Passat,2018,140388,Diesel,Automatic,Third Owner,2103,187,5,1734640
Hyundai,Sonata,2019,43007,Diesel,Automatic,Third Owner,2449,231,5,1997160
Mercedes,E200,2020,204935,Diesel,Manual,Second Owner,1226,279,5,2944458
Volkswagen,Passat,2022,206077,Diesel,Manual,Third Owner,1828,176,7,1881012
Volkswagen,Polo,2017,223248,Diesel,Manual,Second Owner,2751,265,5,1523466
Kia,Cerato,2014,214053,Petrol,Automatic,Second Owner,1437,108,4,844675
BMW,X5,2023,194075,Hybrid,Automatic,First Owner,3700,269,7,3925396
Volkswagen,Polo,2015,78437,Hybrid,Automatic,First Owner,1415,98,7,1722642
Mercedes,E200,2019,119851,Diesel,Manual,Second Owner,1550,107,5,2727288
Ford,Kuga,2021,221088,Petrol,Manual,Third Owner,2224,363,4,1633182
Kia,Rio,2022,69284,Diesel,Automatic,Third Owner,3175,219,7,2323066
Toyota,Corolla,2010,233255,Hybrid,Automatic,Second Owner,2826,179,4,1304668
Mercedes,E200,2015,125796,Diesel,Automatic,First Owner,3775,202,5,3550652
Kia,Cerato,2008,41770,Petrol,Automatic,Second Owner,2623,319,4,1869417
Ford,Kuga,2009,244332,Hybrid,Automatic,First Owner,3317,293,4,1624287
Kia,Sportage,2023,79094,Hybrid,Automatic,Third Owner,1274,108,7,2145064
Toyota,RAV4,2011,144398,Petrol,Manual,Third Owner,2918,382,7,1664082
BMW,320,2021,219369,Diesel,Automatic,Second Owner,1623,239,4,3280128
BMW,X3,2018,124025,Hybrid,Automatic,First Owner,2644,364,5,4031259
Toyota,RAV4,2020,9947,Petrol,Manual,Second Owner,2749,147,5,1633002
Ford,Focus,2018,144556,Diesel,Manual,Third Owner,2452,365,4,1794655
BMW,320,2014,85866,Petrol,Manual,First Owner,3184,378,4,3605362
Ford,Focus,2019,23157,Diesel,Automatic,First Owner,3695,176,4,2047719
Mercedes,C200,2021,76061,Petrol,Manual,Second Owner,1111,140,5,2853980
Toyota,Camry,2008,121379,Hybrid,Manual,Second Owner,1201,298,5,1239123
Hyundai,Elantra,2014,207108,Diesel,Manual,First Owner,1717,329,7,1429373
Volkswagen,Tiguan,2011,47698,Petrol,Manual,Second Owner,3477,253,7,1918032
Mercedes,E200,2014,60136,Petrol,Automatic,Second Owner,2045,330,4,3251348
Hyundai,Elantra,2008,104622,Diesel,Automatic,First Owner,2452,254,5,1397188
Ford,Focus,2021,227247,Hybrid,Automatic,First Owner,3872,113,7,2170639
Volkswagen,Polo,2023,9154,Diesel,Automatic,First Owner,1576,197,4,2048645
Kia,Rio,2012,140953,Petrol,Manual,Third Owner,2924,89,4,1047049
Kia,Rio,2017,102439,Hybrid,Automatic,First Owner,2717,158,4,1788312
Kia,Rio,2013,100700,Petrol,Manual,First Owner,3037,174,5,1403396
Hyundai,Tucson,2019,243283,Diesel,Automatic,First Owner,1105,239,4,1398612
Hyundai,Elantra,2012,244488,Diesel,Manual,Third Owner,2544,376,7,1580483
Kia,Rio,2013,31244,Petrol,Automatic,First Owner,1377,284,4,1882169
Toyota,Camry,2022,113809,Hybrid,Automatic,First Owner,3470,396,4,3271316
Mercedes,E200,2023,240811,Diesel,Manual,Second Owner,3688,346,5,3673522
Kia,Cerato,2011,130249,Diesel,Manual,First Owner,1898,333,4,1455571
Ford,Focus,2015,177807,Petrol,Manual,Third Owner,2654,214,7,1356643
Toyota,Corolla,2015,70711,Petrol,Automatic,Second Owner,3910,306,7,2107103
Kia,Cerato,2024,156300,Diesel,Manual,Second Owner,2728,261,7,1999872
BMW,X3,2009,201066,Diesel,Manual,First Owner,1746,77,4,1957957
Volkswagen,Passat,2015,47437,Diesel,Automatic,First Owner,3343,316,5,2171845
Ford,Mondeo,2014,169813,Hybrid,Automatic,Second Owner,1879,302,7,2094863
Mercedes,GLA,2022,35885,Hybrid,Automatic,Third Owner,3107,242,5,3948298
BMW,X5,2018,216547,Diesel,Automatic,Third Owner,1395,245,7,3159637
Mercedes,C200,2019,116808,Hybrid,Manual,Third Owner,1517,118,4,3236501
Hyundai,Elantra,2011,149301,Hybrid,Automatic,First Owner,2423,227,5,1664637
Hyundai,Tucson,2010,232270,Hybrid,Manual,Second Owner,3092,169,4,903481
Ford,Kuga,2015,208400,Petrol,Manual,Third Owner,2449,339,7,1456876
Ford,Focus,2024,142637,Petrol,Automatic,Third Owner,1943,341,4,2453225
Mercedes,C200,2011,183361,Petrol,Manual,Third Owner,1622,346,7,2788147
Hyundai,Elantra,2016,17822,Diesel,Automatic,Second Owner,3137,285,5,1997510
Hyundai,Sonata,2012,194149,Diesel,Manual,First Owner,2029,354,7,1325335
Mercedes,C200,2010,20524,Diesel,Manual,First Owner,2969,152,4,2910395
Hyundai,Elantra,2021,107498,Hybrid,Manual,First Owner,2435,106,4,1847264
Mercedes,C200,2020,37367,Hybrid,Manual,First Owner,2816,142,7,3466826
Mercedes,E200,2008,171921,Petrol,Automatic,Third Owner,1420,391,7,2891634
Hyundai,Elantra,2022,83334,Petrol,Automatic,First Owner,1288,244,5,1877768
Toyota,Camry,2016,34579,Hybrid,Automatic,Second Owner,3396,156,7,1991880
Volkswagen,Polo,2017,63886,Hybrid,Manual,First Owner,3997,378,7,2809084
Ford,Mondeo,2015,232897,Hybrid,Automatic,Third Owner,2771,285,4,1864007
Volkswagen,Passat,2016,225810,Hybrid,Automatic,Second Owner,3622,330,5,2399253
Hyundai,Tucson,2016,98496,Petrol,Manual,First Owner,3920,318,4,2214205
Kia,Sportage,2015,159949,Diesel,Automatic,First Owner,3902,319,7,2162648
Kia,Cerato,2020,164023,Hybrid,Automatic,First Owner,3464,125,7,1939310
Ford,Kuga,2011,155896,Petrol,Manual,First Owner,2477,367,7,1587817
Volkswagen,Tiguan,2021,218721,Diesel,Manual,Second Owner,3650,295,5,1893928
Kia,Cerato,2009,109514,Hybrid,Automatic,Third Owner,1105,180,7,1211166
BMW,320,2018,30900,Diesel,Automatic,First Owner,3986,303,5,3942253
Mercedes,GLA,2019,97373,Petrol,Automatic,Second Owner,1195,236,5,3047648
Volkswagen,Tiguan,2016,206486,Petrol,Manual,Third Owner,3241,234,7,1636329
Hyundai,Sonata,2013,226438,Diesel,Manual,Second Owner,2440,385,7,1455931
Volkswagen,Passat,2018,222234,Diesel,Manual,Third Owner,1370,397,5,1683705
Mercedes,GLA,2023,172634,Petrol,Automatic,First Owner,2084,318,5,3654825
Mercedes,E200,2019,202858,Petrol,Manual,Second Owner,1065,127,4,2482698
Kia,Sportage,2024,188560,Hybrid,Automatic,Third Owner,3204,161,5,2293984
Kia,Cerato,2010,57066,Petrol,Manual,Third Owner,3449,277,5,1524482
BMW,X3,2018,144677,Diesel,Automatic,First Owner,2577,123,7,3135390
Ford,Mondeo,2010,89891,Petrol,Automatic,First Owner,2007,350,4,1494371
Volkswagen,Polo,2008,134628,Petrol,Manual,First Owner,1925,295,7,1175950
Ford,Focus,2012,8255,Diesel,Manual,First Owner,3507,317,5,2192879
Hyundai,Tucson,2014,113088,Petrol,Automatic,Third Owner,3357,268,7,1697324
Mercedes,GLA,2019,215613,Diesel,Automatic,Second Owner,2493,190,5,2966062
Kia,Sportage,2010,186717,Petrol,Automatic,Third Owner,2011,345,7,1567802
BMW,320,2024,190690,Diesel,Automatic,First Owner,3474,186,7,3531657
Mercedes,GLA,2015,126972,Diesel,Manual,Second Owner,3534,294,5,3313750
Kia,Sportage,2010,49916,Petrol,Automatic,Third Owner,3663,99,5,1470496
Hyundai,Tucson,2012,21718,Hybrid,Automatic,First Owner,3944,211,7,2270872
Mercedes,GLA,2008,192069,Hybrid,Automatic,Second Owner,3884,138,5,3109916
BMW,X3,2022,86218,Hybrid,Automatic,Second Owner,1952,361,7,4184336
Hyundai,Elantra,2018,231160,Petrol,Manual,Third Owner,2467,370,4,1696541
Ford,Focus,2010,143876,Diesel,Manual,Third Owner,1797,197,7,1075184
Ford,Focus,2013,12729,Hybrid,Automatic,Third Owner,1489,239,4,2230374
Toyota,Camry,2020,216003,Diesel,Automatic,Third Owner,2943,140,5,1539548
BMW,320,2017,98102,Petrol,Automatic,Second Owner,3046,116,4,2954516
Mercedes,E200,2014,64412,Diesel,Manual,Second Owner,2850,118,7,2959738
Mercedes,C200,2009,151047,Petrol,Automatic,First Owner,1690,70,7,2258348
Toyota,Corolla,2018,105860,Diesel,Manual,Third Owner,3307,261,4,1510929
BMW,320,2023,52654,Hybrid,Manual,Second Owner,1397,149,7,3553855
Mercedes,GLA,2013,238684,Diesel,Manual,Third Owner,1609,297,4,2576182
Kia,Rio,2011,216603,Diesel,Automatic,First Owner,2429,162,7,1072564
Kia,Rio,2011,135456,Petrol,Manual,Third Owner,2381,302,7,1441035
Kia,Sportage,2022,35508,Hybrid,Manual,Second Owner,2008,257,4,2301258
BMW,X5,2014,213156,Diesel,Manual,Second Owner,1240,315,7,2853605
Volkswagen,Tiguan,2011,227238,Hybrid,Manual,Third Owner,3682,234,7,1467501
Kia,Cerato,2024,108333,Hybrid,Manual,Second Owner,2312,139,5,2054599
Ford,Focus,2017,169191,Diesel,Automatic,Second Owner,2544,112,5,1334285
Toyota,Camry,2011,89283,Hybrid,Automatic,Third Owner,2592,226,5,1936055
Ford,Mondeo,2009,143294,Petrol,Manual,First Owner,2257,370,7,1519267
Kia,Cerato,2013,173016,Diesel,Manual,Third Owner,1114,94,5,565752
Hyundai,Elantra,2019,145971,Petrol,Automatic,Third Owner,3082,338,4,2328255
Kia,Sportage,2009,243724,Petrol,Manual,Second Owner,1760,183,7,603657
Mercedes,C200,2014,134833,Petrol,Manual,First Owner,2562,175,7,2873342
Toyota,Camry,2008,242081,Petrol,Automatic,First Owner,2597,186,5,1025481
Ford,Mondeo,2009,45875,Petrol,Manual,Third Owner,3738,202,5,1699677
Volkswagen,Tiguan,2017,58707,Hybrid,Automatic,Second Owner,3827,75,5,1960616
Ford,Mondeo,2020,77898,Petrol,Automatic,Second Owner,3458,75,7,1698006
Volkswagen,Polo,2009,187452,Diesel,Manual,Third Owner,3824,184,4,1105783
Volkswagen,Passat,2011,46660,Diesel,Manual,First Owner,3199,237,4,1483553
Volkswagen,Polo,2020,79660,Hybrid,Automatic,Second Owner,3335,203,4,2468421
Ford,Focus,2020,220712,Petrol,Manual,Third Owner,3039,172,4,1201979
Kia,Rio,2023,130519,Petrol,Manual,First Owner,1155,268,4,1574159
Toyota,RAV4,2010,68373,Diesel,Automatic,Second Owner,1584,296,7,1380683
Ford,Focus,2024,206009,Petrol,Manual,Third Owner,2302,92,7,1505828
Toyota,Corolla,2018,230309,Diesel,Manual,Second Owner,2892,172,7,1559774
Toyota,Camry,2020,45133,Diesel,Manual,First Owner,1753,391,4,2134516
Mercedes,GLA,2022,11634,Diesel,Manual,First Owner,3464,340,5,3921008
Kia,Rio,2012,148425,Diesel,Manual,First Owner,3804,103,5,1141757
Kia,Cerato,2008,167158,Hybrid,Manual,Third Owner,2317,259,4,1535015
BMW,320,2015,6547,Diesel,Manual,Third Owner,1239,268,7,2953653
Toyota,Corolla,2009,152754,Hybrid,Manual,First Owner,3657,313,7,1811297
Volkswagen,Polo,2017,184728,Hybrid,Automatic,Second Owner,1973,321,7,2225273
Mercedes,E200,2022,130600,Petrol,Automatic,Third Owner,2475,184,4,3445214
Mercedes,GLA,2013,106830,Diesel,Manual,Second Owner,1085,291,5,2855027
BMW,320,2022,112576,Hybrid,Manual,Second Owner,1512,390,5,4026804
BMW,X5,2021,236636,Diesel,Automatic,Third Owner,2852,297,5,3041543
Hyundai,Sonata,2018,90461,Hybrid,Automatic,First Owner,3962,341,4,2767559
BMW,320,2014,153999,Petrol,Automatic,Second Owner,3245,279,5,3178140
Volkswagen,Polo,2014,107977,Petrol,Automatic,First Owner,3223,301,5,1645401
Ford,Kuga,2021,18339,Petrol,Manual,Second Owner,3259,150,7,1953852
Hyundai,Tucson,2021,52268,Diesel,Manual,Third Owner,1845,267,7,2095762
Volkswagen,Passat,2016,200552,Hybrid,Manual,Third Owner,2646,364,4,1985178
BMW,X5,2018,127835,Petrol,Manual,Second Owner,2295,382,7,3586511
Kia,Cerato,2009,182258,Petrol,Manual,First Owner,1087,74,4,675375
Mercedes,C200,2018,249203,Diesel,Manual,Third Owner,1616,179,5,2788731
Ford,Focus,2019,168376,Diesel,Automatic,Second Owner,2386,159,5,1814642
Mercedes,C200,2013,241143,Petrol,Manual,Second Owner,1485,342,7,2856783
Hyundai,Elantra,2023,188464,Diesel,Manual,First Owner,3719,145,5,1704737
Toyota,Corolla,2012,235747,Diesel,Automatic,Second Owner,2953,157,4,923661
Kia,Cerato,2019,249040,Diesel,Manual,Second Owner,1081,321,7,1379660
Kia,Sportage,2018,27284,Diesel,Manual,First Owner,1552,389,5,1924245
Volkswagen,Polo,2012,34090,Hybrid,Manual,Third Owner,2313,219,7,2051911
Ford,Focus,2019,163023,Diesel,Manual,Third Owner,3417,283,4,1817621
Mercedes,E200,2014,139590,Diesel,Manual,Second Owner,2304,155,4,2672400
Volkswagen,Passat,2017,73973,Diesel,Automatic,Second Owner,1165,209,7,1682026
Ford,Kuga,2022,177860,Petrol,Automatic,Third Owner,1128,136,7,1460020
Toyota,RAV4,2008,84353,Diesel,Manual,Second Owner,2556,268,4,1538951
Volkswagen,Tiguan,2016,187676,Diesel,Automatic,Second Owner,3099,287,5,1713600
Volkswagen,Polo,2012,95764,Hybrid,Automatic,Third Owner,1790,320,5,2006163
Mercedes,C200,2022,245851,Hybrid,Manual,Third Owner,2305,330,4,3467677
Toyota,Corolla,2011,68690,Petrol,Manual,Second Owner,1266,148,7,774516
Ford,Focus,2010,231411,Petrol,Manual,Third Owner,1055,244,7,713662
Toyota,Corolla,2022,170413,Diesel,Manual,Third Owner,1499,98,7,1223468
BMW,320,2010,53647,Petrol,Manual,First Owner,2773,189,4,2716760
Toyota,RAV4,2010,106423,Diesel,Manual,Second Owner,1808,323,7,1261990
Volkswagen,Passat,2023,80514,Hybrid,Manual,Second Owner,1757,329,4,2164074
Toyota,Corolla,2014,74012,Petrol,Manual,Third Owner,1507,108,4,1035560
BMW,X5,2015,47578,Diesel,Automatic,Third Owner,2688,329,7,3354835
Mercedes,C200,2021,70784,Diesel,Manual,Third Owner,1028,198,5,3171640
Ford,Focus,2010,21153,Petrol,Automatic,Second Owner,1247,387,5,1824609
Toyota,RAV4,2022,8145,Hybrid,Manual,Second Owner,3409,255,7,2313927
Volkswagen,Tiguan,2010,154212,Diesel,Automatic,Second Owner,2466,315,5,1502594
Hyundai,Sonata,2023,87175,Hybrid,Manual,First Owner,3405,157,4,2066076
Volkswagen,Polo,2021,126882,Diesel,Automatic,Second Owner,2899,307,5,2246462
BMW,320,2020,114994,Petrol,Manual,Second Owner,2562,393,4,3837879
Hyundai,Sonata,2008,118870,Hybrid,Manual,First Owner,3428,164,4,1105184
Toyota,Corolla,2020,128807,Petrol,Automatic,Second Owner,1810,81,5,1433639
Hyundai,Elantra,2017,222521,Hybrid,Automatic,First Owner,1778,319,7,1945138
Volkswagen,Polo,2021,119060,Petrol,Automatic,Third Owner,1244,250,4,1924181
Toyota,Camry,2023,164335,Diesel,Manual,First Owner,3124,323,4,2129409
Hyundai,Sonata,2008,85742,Hybrid,Manual,Second Owner,3582,229,7,1525520
Kia,Sportage,2011,162054,Petrol,Automatic,Second Owner,3968,261,7,1625733
Ford,Focus,2019,153197,Diesel,Manual,First Owner,2831,259,5,1596352
BMW,320,2018,185428,Petrol,Automatic,Third Owner,2950,213,7,3365545
Mercedes,GLA,2018,188062,Petrol,Manual,Second Owner,3591,363,4,3473222
Volkswagen,Tiguan,2015,218207,Petrol,Automatic,Third Owner,2924,79,5,1434864
Kia,Rio,2020,201658,Petrol,Automatic,First Owner,3167,321,5,2065134
Kia,Cerato,2016,22544,Diesel,Automatic,First Owner,2131,143,5,1525800
Ford,Focus,2023,69640,Petrol,Manual,Second Owner,2458,387,5,2119862
Kia,Rio,2016,88895,Diesel,Automatic,Third Owner,3196,172,7,1461139
BMW,X3,2011,82494,Hybrid,Manual,Third Owner,1798,338,7,3062091
Mercedes,C200,2020,115884,Hybrid,Manual,Second Owner,2069,174,4,3353650
Mercedes,C200,2008,175822,Hybrid,Automatic,First Owner,2509,308,4,3271014
Hyundai,Tucson,2020,150559,Petrol,Automatic,Second Owner,1441,210,5,1402853
Mercedes,C200,2022,79648,Petrol,Manual,Second Owner,1069,133,4,3067809
Ford,Mondeo,2023,101684,Petrol,Automatic,Third Owner,2536,351,4,2332072
Volkswagen,Polo,2018,108687,Petrol,Automatic,Third Owner,1141,399,5,2073294
Mercedes,GLA,2009,236541,Hybrid,Manual,Third Owner,3937,137,5,2951801
Toyota,Corolla,2012,44733,Petrol,Manual,Third Owner,1962,117,5,1231859
Mercedes,E200,2010,113171,Diesel,Manual,Second Owner,2640,349,4,3001878
Kia,Sportage,2020,187081,Petrol,Manual,First Owner,2837,151,4,1295209
Ford,Mondeo,2015,67721,Petrol,Manual,First Owner,3633,185,5,1299235
Toyota,Corolla,2015,203843,Petrol,Manual,First Owner,3050,233,5,1274441
Hyundai,Tucson,2020,10047,Hybrid,Automatic,Second Owner,1096,282,7,2317636
Toyota,Corolla,2014,159578,Petrol,Manual,First Owner,3386,321,4,1543167
Mercedes,GLA,2010,157458,Diesel,Manual,Second Owner,1871,147,7,2313545
Toyota,RAV4,2017,74637,Hybrid,Automatic,Third Owner,2590,151,4,1978253
Ford,Kuga,2016,92683,Petrol,Automatic,Second Owner,2608,131,7,1499605
Mercedes,E200,2008,121796,Hybrid,Automatic,First Owner,1757,127,4,2639957
Hyundai,Elantra,2014,57466,Hybrid,Automatic,Third Owner,3761,179,7,2122016
Ford,Mondeo,2019,126577,Petrol,Manual,Third Owner,2033,181,7,1520587
Toyota,Camry,2008,61734,Petrol,Automatic,First Owner,3046,268,7,1439872
Mercedes,E200,2020,162761,Petrol,Automatic,Second Owner,3297,375,5,4018167
Ford,Kuga,2015,25361,Hybrid,Manual,First Owner,1127,387,4,2121039
Ford,Focus,2016,248835,Petrol,Automatic,Second Owner,2562,360,4,1789457
Toyota,Corolla,2019,61441,Hybrid,Manual,Second Owner,2527,108,5,1882400
Hyundai,Tucson,2008,82979,Petrol,Manual,Second Owner,1580,204,5,1016024
Ford,Focus,2011,246016,Hybrid,Manual,Second Owner,1715,77,4,950688
Toyota,RAV4,2015,124339,Hybrid,Automatic,Second Owner,1092,358,5,2103190
Toyota,RAV4,2012,61485,Petrol,Automatic,Third Owner,2545,85,4,1179414
Hyundai,Sonata,2022,113114,Petrol,Manual,Third Owner,1180,102,5,1359997
Volkswagen,Polo,2023,58136,Diesel,Manual,Third Owner,2113,166,4,1594119
Volkswagen,Polo,2008,175441,Petrol,Automatic,Third Owner,3879,320,4,1647251
Volkswagen,Tiguan,2009,80108,Diesel,Manual,Third Owner,2504,303,5,1417899
Kia,Rio,2019,177648,Diesel,Manual,Second Owner,3618,247,5,1723686
BMW,X3,2020,102546,Diesel,Automatic,Second Owner,1604,323,7,3523727
Kia,Sportage,2019,118170,Petrol,Automatic,First Owner,2363,253,7,1618332
Hyundai,Sonata,2013,238240,Petrol,Automatic,Third Owner,3560,144,7,1185211
Mercedes,GLA,2013,228110,Hybrid,Manual,First Owner,3839,272,4,3263556
Ford,Mondeo,2011,136434,Hybrid,Manual,Third Owner,1425,364,4,1724860
Mercedes,GLA,2013,198910,Petrol,Automatic,Second Owner,1478,236,7,2609728
Ford,Mondeo,2020,142133,Hybrid,Automatic,First Owner,3363,249,7,2532540
Hyundai,Tucson,2011,64195,Hybrid,Automatic,First Owner,3842,166,7,1782983
Toyota,RAV4,2011,134814,Petrol,Manual,Third Owner,2255,193,5,1246540
Mercedes,C200,2011,218514,Petrol,Manual,First Owner,1127,221,4,2398601
BMW,320,2010,22569,Diesel,Automatic,First Owner,2728,253,7,3099627
Hyundai,Elantra,2017,94959,Diesel,Automatic,First Owner,2244,289,7,2185478
Kia,Sportage,2009,183026,Diesel,Manual,Second Owner,2309,249,4,873752
Mercedes,GLA,2023,230751,Diesel,Manual,Second Owner,3820,370,7,3824371
Mercedes,GLA,2023,12163,Diesel,Manual,Second Owner,1355,313,5,3761511
Kia,Rio,2010,69327,Hybrid,Manual,Second Owner,2555,242,4,1549002
Kia,Sportage,2009,89639,Diesel,Automatic,First Owner,3513,280,4,1906541
Toyota,RAV4,2012,160563,Hybrid,Manual,Third Owner,2820,105,7,1226867
BMW,X5,2016,187748,Hybrid,Automatic,Third Owner,3677,94,5,3254358
Kia,Rio,2024,133738,Petrol,Automatic,Second Owner,1666,90,5,1646472
Kia,Sportage,2021,33750,Hybrid,Manual,First Owner,1815,316,5,2324603
BMW,320,2020,208355,Hybrid,Manual,Second Owner,1179,224,4,3241761
BMW,X5,2023,64960,Hybrid,Automatic,Third Owner,1475,121,4,3662853
BMW,320,2008,119844,Diesel,Automatic,Third Owner,2761,80,7,2212182
Kia,Cerato,2019,171417,Hybrid,Manual,Second Owner,2940,87,5,1761317
Hyundai,Tucson,2021,22547,Petrol,Manual,Second Owner,3722,253,5,1946332
Hyundai,Tucson,2015,242664,Petrol,Manual,First Owner,1663,114,7,954003
BMW,X3,2014,121942,Hybrid,Automatic,Third Owner,2077,314,4,3721671
Ford,Kuga,2013,157599,Diesel,Manual,Third Owner,1162,188,4,815457
BMW,X5,2012,200727,Hybrid,Automatic,First Owner,2523,100,7,2765373
Ford,Focus,2011,142511,Hybrid,Automatic,Third Owner,3173,74,5,1260072
Ford,Focus,2018,246364,Petrol,Automatic,First Owner,1772,313,5,1623333
Hyundai,Elantra,2011,50198,Diesel,Manual,First Owner,3732,135,7,1300698
BMW,320,2023,139580,Petrol,Manual,First Owner,3567,281,7,3725339
Mercedes,C200,2016,111533,Petrol,Automatic,First Owner,2312,272,4,3500280
BMW,X3,2019,107439,Diesel,Manual,Third Owner,1521,315,7,3460124
Ford,Kuga,2021,174355,Hybrid,Manual,First Owner,3453,336,5,2274914
Hyundai,Elantra,2021,162239,Petrol,Automatic,First Owner,3300,113,7,1671638
Ford,Focus,2009,101867,Diesel,Automatic,Second Owner,2902,244,5,1239050
Ford,Kuga,2018,245996,Diesel,Automatic,Third Owner,2997,267,7,1604177
Kia,Cerato,2012,128031,Diesel,Manual,Third Owner,3005,245,7,1551915
Kia,Cerato,2010,70953,Hybrid,Automatic,Second Owner,2183,374,7,2362881
BMW,X5,2018,242821,Petrol,Manual,Second Owner,2254,168,5,2487305
Kia,Cerato,2021,78012,Diesel,Automatic,Third Owner,3699,166,7,1974956
Ford,Focus,2017,54798,Hybrid,Automatic,Third Owner,3223,353,5,2602393
BMW,X5,2024,50459,Petrol,Automatic,Third Owner,2011,175,7,3580256
Ford,Kuga,2018,52992,Hybrid,Automatic,Second Owner,2006,270,5,2148475
Volkswagen,Polo,2022,145878,Diesel,Manual,Second Owner,3482,106,5,1659153
Toyota,Camry,2020,5856,Petrol,Manual,Second Owner,3027,302,7,2126262
Kia,Sportage,2024,153754,Diesel,Manual,Second Owner,1208,288,7,1791524
Hyundai,Tucson,2011,129877,Diesel,Automatic,Second Owner,1489,141,4,1148038
Toyota,Camry,2009,15756,Petrol,Automatic,First Owner,3246,344,5,1966351
BMW,320,2021,58711,Petrol,Manual,First Owner,1456,242,7,3190520
Volkswagen,Polo,2017,117670,Petrol,Manual,First Owner,3532,379,7,2075518
Ford,Mondeo,2019,225402,Petrol,Manual,First Owner,3267,369,5,1898491
Ford,Focus,2013,216212,Diesel,Manual,Third Owner,3524,78,4,885674
Toyota,RAV4,2016,217218,Diesel,Manual,First Owner,2008,278,4,1322944
BMW,X5,2013,238802,Petrol,Manual,Second Owner,1439,71,4,2305543
Volkswagen,Polo,2021,156948,Hybrid,Automatic,Second Owner,1874,188,4,2071341
Ford,Focus,2021,191757,Diesel,Automatic,First Owner,2574,384,5,2168263
Toyota,RAV4,2016,58773,Hybrid,Automatic,Second Owner,3146,245,5,2371397
Toyota,Camry,2024,166385,Diesel,Automatic,Third Owner,1841,260,4,1943307
Volkswagen,Passat,2020,49140,Diesel,Manual,First Owner,2287,250,5,2045738
Mercedes,C200,2017,240523,Petrol,Automatic,Third Owner,2923,82,7,2767850
Kia,Rio,2010,123553,Hybrid,Manual,Second Owner,3341,246,5,1652948
Hyundai,Elantra,2023,119371,Hybrid,Automatic,Second Owner,1366,293,5,2415815
Mercedes,C200,2016,101100,Diesel,Automatic,First Owner,1690,182,7,2770668
Volkswagen,Tiguan,2024,217373,Petrol,Manual,Second Owner,2493,94,4,1205188
Toyota,RAV4,2013,29216,Hybrid,Manual,Second Owner,1324,338,5,1756079
Hyundai,Elantra,2017,42128,Diesel,Automatic,First Owner,1938,279,5,1975385
BMW,X3,2010,65769,Petrol,Manual,Third Owner,3681,160,5,3080489
Kia,Sportage,2021,239598,Petrol,Manual,First Owner,1800,378,7,2120499
Toyota,Corolla,2011,75528,Petrol,Manual,Second Owner,3266,258,7,1629551
BMW,320,2013,69394,Petrol,Automatic,First Owner,2115,332,4,3433588
Kia,Cerato,2009,108233,Petrol,Manual,First Owner,2921,149,4,774025
BMW,X3,2019,155435,Diesel,Automatic,First Owner,2863,159,7,3084678
Toyota,RAV4,2015,47490,Hybrid,Manual,First Owner,2545,139,4,1566102
Mercedes,E200,2024,214410,Diesel,Automatic,Third Owner,3217,276,7,3550602
Hyundai,Tucson,2024,97782,Hybrid,Automatic,Second Owner,3144,278,4,2645814
Kia,Sportage,2012,215983,Petrol,Manual,First Owner,3456,258,5,1260620
Toyota,RAV4,2021,105289,Diesel,Automatic,Second Owner,1097,231,5,1484577
BMW,320,2014,119173,Hybrid,Manual,Second Owner,3418,141,7,3239040
Ford,Mondeo,2020,69092,Petrol,Manual,First Owner,2798,199,5,1618104
Hyundai,Sonata,2022,102404,Petrol,Automatic,First Owner,2703,96,4,1776529
BMW,X3,2011,82442,Diesel,Manual,Second Owner,2905,267,7,3299478
Ford,Mondeo,2010,161824,Diesel,Automatic,Third Owner,3259,314,4,1512294
Ford,Mondeo,2010,97401,Diesel,Manual,Second Owner,3075,154,4,771904
Toyota,Corolla,2016,20699,Petrol,Manual,Third Owner,3134,260,4,1835801
Hyundai,Sonata,2018,214324,Hybrid,Automatic,Second Owner,3546,237,5,2260895
Mercedes,C200,2024,158517,Petrol,Automatic,Second Owner,2775,333,4,4125468
Volkswagen,Tiguan,2024,22639,Petrol,Automatic,Second Owner,3705,295,7,2463539
Volkswagen,Tiguan,2016,42736,Petrol,Manual,First Owner,3526,266,5,1982932
Hyundai,Elantra,2009,16537,Diesel,Manual,First Owner,1796,284,7,1326529
BMW,X5,2012,116912,Hybrid,Automatic,First Owner,1002,103,4,2758083
Ford,Focus,2016,195641,Diesel,Manual,First Owner,2918,154,7,1628069
Hyundai,Elantra,2010,180483,Diesel,Automatic,Third Owner,3981,260,5,1360738
Mercedes,GLA,2018,170550,Hybrid,Automatic,Third Owner,1637,371,7,3770010
Volkswagen,Polo,2015,64296,Petrol,Automatic,Second Owner,2114,238,7,1803661
Mercedes,E200,2020,18444,Hybrid,Automatic,Second Owner,1436,145,7,3703879
BMW,320,2015,126725,Petrol,Manual,Third Owner,3220,328,5,3314247
Hyundai,Tucson,2020,114914,Hybrid,Automatic,Second Owner,1332,194,4,2001179
Kia,Sportage,2010,208152,Diesel,Manual,Second Owner,2662,291,4,1151748
Hyundai,Sonata,2008,92499,Diesel,Manual,Second Owner,1965,319,5,1347621
Hyundai,Tucson,2014,111251,Diesel,Manual,Second Owner,1996,382,4,1680419
Mercedes,C200,2018,160568,Diesel,Manual,First Owner,1336,112,7,2652499
Toyota,Corolla,2021,134144,Petrol,Manual,First Owner,1008,311,4,1654970
Toyota,Corolla,2017,226139,Diesel,Automatic,Third Owner,3342,114,4,1440587
BMW,X5,2018,31206,Petrol,Manual,First Owner,3516,70,4,3035598
Ford,Focus,2020,221056,Diesel,Manual,Second Owner,3430,219,7,1788795
Ford,Kuga,2010,223051,Hybrid,Automatic,First Owner,1266,306,7,1501088
Ford,Mondeo,2013,173680,Hybrid,Manual,Second Owner,3484,184,7,1319285
Mercedes,C200,2020,228387,Diesel,Manual,Third Owner,2936,301,5,3425414
Kia,Sportage,2017,176308,Hybrid,Automatic,Second Owner,1963,228,7,1725974
Mercedes,C200,2015,125923,Petrol,Manual,First Owner,1325,100,7,2348839
Toyota,Corolla,2011,122681,Petrol,Manual,Third Owner,1300,214,5,945288
Volkswagen,Polo,2015,193387,Diesel,Automatic,Second Owner,1502,399,7,1992191
Volkswagen,Tiguan,2017,190889,Petrol,Automatic,Third Owner,1138,256,4,1158570
Hyundai,Elantra,2019,22316,Petrol,Manual,Second Owner,2595,165,5,2177780
Hyundai,Tucson,2020,210448,Hybrid,Automatic,Second Owner,1544,237,7,2061612
Volkswagen,Polo,2018,244991,Hybrid,Manual,First Owner,1672,198,5,1489303
Toyota,Camry,2018,43841,Petrol,Manual,First Owner,3100,379,5,2216583
Mercedes,C200,2013,114542,Petrol,Manual,Third Owner,2477,245,7,2947799
Mercedes,E200,2008,32419,Diesel,Manual,First Owner,1605,240,7,2754080
Volkswagen,Tiguan,2024,76682,Hybrid,Automatic,Third Owner,3418,383,7,3113618
BMW,X5,2009,124263,Hybrid,Automatic,Third Owner,2869,92,5,2945164
Mercedes,C200,2021,159486,Hybrid,Manual,Second Owner,2709,307,7,3718315
Kia,Rio,2018,223838,Hybrid,Manual,Second Owner,2084,223,7,1592823
Ford,Focus,2015,180225,Hybrid,Automatic,Second Owner,2086,72,7,1359759
BMW,320,2015,220353,Diesel,Manual,Second Owner,1009,290,4,2656407
Toyota,Camry,2021,9284,Hybrid,Automatic,Third Owner,3716,96,5,2498897
Kia,Rio,2017,209387,Petrol,Manual,Second Owner,3296,238,4,1609659
Kia,Cerato,2014,8725,Hybrid,Automatic,First Owner,2346,195,5,1580891
Toyota,Corolla,2012,249077,Hybrid,Automatic,First Owner,3692,219,7,1801531
Mercedes,E200,2013,242490,Diesel,Manual,Third Owner,1671,255,4,2582380
Ford,Mondeo,2017,147165,Hybrid,Manual,First Owner,1637,132,4,1428413
BMW,320,2016,51916,Petrol,Automatic,Second Owner,1497,326,7,3377440
Hyundai,Tucson,2011,131154,Hybrid,Automatic,First Owner,2459,117,5,1617658
BMW,X5,2014,147948,Diesel,Manual,Third Owner,1353,102,4,2504182
BMW,X5,2013,141861,Hybrid,Manual,Second Owner,3586,249,4,3210746
Mercedes,E200,2021,32150,Hybrid,Automatic,First Owner,1686,167,7,3717157
Volkswagen,Polo,2010,200205,Petrol,Automatic,Third Owner,2875,268,5,1255091
Volkswagen,Polo,2014,240921,Petrol,Manual,Second Owner,1770,71,7,454215
Mercedes,C200,2019,175057,Diesel,Automatic,Third Owner,1030,231,5,2937878
Toyota,Corolla,2011,160883,Hybrid,Manual,Third Owner,1556,312,5,1670993
Kia,Cerato,2018,36392,Hybrid,Manual,Third Owner,2298,195,5,2102384
Kia,Sportage,2017,15207,Petrol,Manual,Second Owner,3723,140,7,1804998
Mercedes,E200,2012,78575,Diesel,Automatic,First Owner,3174,256,4,3367714
Hyundai,Sonata,2017,111658,Petrol,Manual,Second Owner,2342,164,7,1465410
Toyota,Corolla,2024,163048,Hybrid,Manual,Second Owner,1464,118,5,1592281
Ford,Mondeo,2018,237890,Petrol,Manual,Third Owner,1869,368,4,1689358
BMW,320,2016,86654,Hybrid,Manual,Third Owner,3248,365,7,3946453
Kia,Sportage,2017,31328,Diesel,Manual,Second Owner,2721,117,7,1601137
Mercedes,E200,2009,40885,Petrol,Manual,Third Owner,1016,124,5,2508967
Toyota,Camry,2019,111427,Hybrid,Manual,Second Owner,1650,372,7,2310891
Ford,Focus,2010,92572,Petrol,Manual,Third Owner,3330,123,7,1174573
Ford,Focus,2023,62256,Hybrid,Manual,First Owner,3795,330,4,2880260
Hyundai,Elantra,2024,234395,Diesel,Manual,Second Owner,3242,191,4,1691031
Hyundai,Elantra,2020,55455,Hybrid,Automatic,Second Owner,1557,277,7,2182858
Hyundai,Tucson,2017,75611,Petrol,Manual,Third Owner,2721,200,7,1582467
Kia,Sportage,2008,35044,Diesel,Manual,Third Owner,2036,135,7,861076
BMW,X3,2011,180904,Petrol,Manual,Third Owner,1164,188,4,2231515
Volkswagen,Passat,2010,184324,Diesel,Manual,First Owner,2132,127,7,746974
Toyota,RAV4,2014,193019,Petrol,Manual,Second Owner,1438,244,4,1020799
Hyundai,Elantra,2012,194874,Hybrid,Manual,Second Owner,2331,280,5,1513707
Volkswagen,Tiguan,2016,121237,Hybrid,Manual,Third Owner,1597,175,5,1250533
Mercedes,C200,2015,133427,Diesel,Automatic,Second Owner,1200,199,4,2892640
Hyundai,Sonata,2013,21096,Petrol,Automatic,Third Owner,2184,174,5,1570588
Toyota,Camry,2012,79303,Diesel,Manual,Second Owner,1056,312,7,1257230
Toyota,RAV4,2022,96184,Diesel,Manual,Second Owner,1822,211,5,1807318
Hyundai,Sonata,2013,130920,Petrol,Automatic,First Owner,1070,190,7,1364295
Hyundai,Sonata,2015,149637,Hybrid,Manual,First Owner,2096,259,7,1471492
Mercedes,GLA,2011,76253,Hybrid,Automatic,Third Owner,2653,80,4,2881035
Kia,Rio,2015,240608,Diesel,Automatic,First Owner,3737,354,7,1798962
Kia,Cerato,2013,169500,Diesel,Manual,First Owner,1080,237,7,924514
Ford,Kuga,2021,153884,Diesel,Manual,Second Owner,1792,165,4,1547953
Volkswagen,Polo,2021,70842,Hybrid,Automatic,Third Owner,1817,391,5,2629292
Volkswagen,Tiguan,2019,30189,Diesel,Automatic,Third Owner,1803,195,5,1807894
Toyota,Camry,2019,128570,Petrol,Automatic,Second Owner,1932,290,7,1607080
Toyota,RAV4,2010,32051,Hybrid,Manual,First Owner,2682,92,4,1463510
Hyundai,Sonata,2010,31899,Hybrid,Automatic,Third Owner,1555,183,7,1441063
BMW,320,2019,30390,Petrol,Automatic,First Owner,3406,279,4,3806609
Mercedes,GLA,2022,239121,Petrol,Manual,Second Owner,1969,383,4,3416214
Toyota,Camry,2015,16579,Diesel,Automatic,Third Owner,1684,73,5,1556040
Ford,Focus,2021,237644,Diesel,Manual,First Owner,3063,368,4,1757838
Kia,Sportage,2008,116963,Hybrid,Automatic,Second Owner,2852,354,7,1525947
BMW,320,2011,169418,Hybrid,Manual,Third Owner,2127,168,4,2777791
Ford,Focus,2015,198324,Petrol,Manual,First Owner,1856,171,4,1329328
Mercedes,E200,2009,178450,Diesel,Manual,Third Owner,1550,86,4,2226441
Volkswagen,Tiguan,2014,101113,Hybrid,Automatic,Third Owner,2768,148,7,1814422
Toyota,Corolla,2023,104113,Petrol,Manual,Second Owner,1143,342,4,1894478
Volkswagen,Polo,2011,27236,Petrol,Manual,First Owner,1629,282,4,1565946
Hyundai,Elantra,2013,74767,Hybrid,Automatic,Second Owner,1644,374,7,2036034
Volkswagen,Tiguan,2014,122718,Diesel,Manual,Third Owner,2823,212,5,1479467
Mercedes,GLA,2014,247801,Hybrid,Manual,First Owner,2662,221,5,3032018
Ford,Kuga,2022,248072,Petrol,Manual,Third Owner,1519,97,4,1233237
Volkswagen,Tiguan,2011,151817,Diesel,Automatic,Third Owner,3378,139,4,1714515
Kia,Rio,2015,214438,Petrol,Manual,First Owner,3082,380,7,1792286
Toyota,Corolla,2010,93896,Hybrid,Manual,Second Owner,2069,240,7,1446213
BMW,320,2009,117124,Diesel,Manual,First Owner,1903,395,4,2984865
Kia,Rio,2022,23726,Diesel,Manual,Third Owner,2318,305,4,1897386
Volkswagen,Polo,2018,12853,Petrol,Manual,First Owner,3723,82,7,1533537
Toyota,Corolla,2018,48233,Hybrid,Manual,First Owner,3817,167,5,2032191
Ford,Focus,2022,210429,Hybrid,Automatic,First Owner,3583,379,4,2585478
Volkswagen,Passat,2019,87010,Diesel,Manual,Third Owner,3644,218,5,1890433
Mercedes,C200,2010,148071,Petrol,Automatic,Second Owner,3011,337,4,3074645
BMW,320,2017,136443,Hybrid,Manual,Second Owner,2554,310,4,3703368
Kia,Sportage,2022,11881,Petrol,Manual,First Owner,3711,203,4,2140419
Hyundai,Sonata,2018,28249,Diesel,Automatic,Third Owner,1614,277,5,1976706
Kia,Rio,2015,113258,Petrol,Automatic,Third Owner,1933,234,5,1549249
Volkswagen,Passat,2019,86297,Petrol,Automatic,Third Owner,1171,352,7,2056334
Toyota,RAV4,2023,18903,Diesel,Manual,First Owner,2680,378,7,2582958
Kia,Sportage,2019,211182,Petrol,Manual,First Owner,1264,101,5,839666
Ford,Focus,2011,231820,Diesel,Automatic,Third Owner,1508,354,7,1298842
Volkswagen,Passat,2016,168991,Hybrid,Automatic,Third Owner,1726,350,5,2050359
Hyundai,Elantra,2024,55818,Diesel,Manual,Third Owner,3653,102,5,1689433
Mercedes,C200,2012,181422,Petrol,Manual,Third Owner,2638,386,7,2974967
Mercedes,GLA,2013,141766,Hybrid,Automatic,Second Owner,2218,151,4,3005234
BMW,X5,2012,101536,Hybrid,Automatic,First Owner,1426,228,5,3311986
Toyota,Camry,2009,220492,Diesel,Automatic,Third Owner,2596,150,5,1012800
Ford,Mondeo,2017,232088,Petrol,Manual,Second Owner,1938,258,5,1350562
Kia,Cerato,2013,82026,Petrol,Manual,Third Owner,1346,310,5,1590482
Mercedes,E200,2016,231252,Diesel,Manual,First Owner,3993,125,5,2728340
BMW,X3,2024,140986,Petrol,Automatic,Second Owner,3971,138,5,3617247
Kia,Cerato,2009,181600,Hybrid,Automatic,First Owner,2186,397,4,1891716
Ford,Mondeo,2015,58645,Petrol,Manual,Second Owner,1795,339,5,1789264
Kia,Sportage,2011,108473,Hybrid,Manual,First Owner,1418,116,4,1048340
Volkswagen,Tiguan,2022,142943,Diesel,Manual,Third Owner,1197,380,4,1577841
BMW,X3,2010,170379,Hybrid,Manual,Second Owner,1887,138,5,2567150
Volkswagen,Polo,2015,15278,Diesel,Manual,Third Owner,1314,112,7,1409956
Ford,Kuga,2023,203809,Diesel,Automatic,First Owner,2891,326,5,2329964
Ford,Kuga,2024,238786,Petrol,Manual,First Owner,1854,83,4,1352837
Kia,Rio,2018,209113,Diesel,Manual,Third Owner,1523,375,7,1833143
Toyota,Corolla,2020,92517,Diesel,Automatic,Second Owner,3987,215,7,2163814
Toyota,RAV4,2021,245300,Petrol,Manual,Second Owner,2506,382,5,1919897
BMW,320,2010,86586,Hybrid,Manual,First Owner,3154,397,7,3499780
Mercedes,C200,2017,64203,Petrol,Automatic,Third Owner,2955,245,4,3429933
Kia,Rio,2021,56040,Petrol,Manual,First Owner,3484,378,7,2497885
BMW,320,2015,123303,Diesel,Automatic,Second Owner,2713,109,4,3063426
Mercedes,C200,2017,39092,Hybrid,Automatic,Third Owner,1175,257,7,3569649
Toyota,Camry,2015,134073,Diesel,Automatic,Second Owner,1189,335,7,1630175
Toyota,Corolla,2012,116808,Petrol,Manual,First Owner,1226,336,4,1390363
Mercedes,E200,2020,236876,Hybrid,Manual,First Owner,2582,148,7,3173729
Hyundai,Elantra,2018,200339,Petrol,Manual,First Owner,1895,200,5,1066993
Mercedes,C200,2021,138451,Hybrid,Manual,Second Owner,3343,125,5,3042620
Volkswagen,Polo,2021,205029,Hybrid,Manual,Third Owner,1863,338,5,1981811
Mercedes,GLA,2009,35363,Petrol,Automatic,Third Owner,1020,340,5,2899167
Ford,Focus,2018,83234,Petrol,Automatic,Third Owner,3253,340,4,2195260
Hyundai,Elantra,2014,66275,Hybrid,Automatic,Third Owner,3964,133,4,1972382
Toyota,RAV4,2019,123366,Hybrid,Manual,Third Owner,1194,329,5,1936880
Kia,Cerato,2010,215576,Diesel,Automatic,Third Owner,1744,78,7,943318
Hyundai,Sonata,2013,110606,Hybrid,Automatic,Third Owner,3345,262,7,2134549
Mercedes,GLA,2022,28502,Hybrid,Automatic,First Owner,3192,257,7,4209367
Hyundai,Tucson,2015,43517,Diesel,Manual,Second Owner,1087,326,5,1734347
Kia,Cerato,2014,50907,Petrol,Manual,First Owner,1913,220,4,1264311
Ford,Mondeo,2020,152826,Hybrid,Manual,Second Owner,3548,81,7,1884914
Hyundai,Elantra,2020,172834,Petrol,Automatic,Second Owner,1125,398,5,2006717
BMW,X3,2014,86134,Hybrid,Manual,Third Owner,3485,182,5,3406054
Volkswagen,Tiguan,2019,175443,Petrol,Manual,Third Owner,3298,78,5,1128035
Ford,Focus,2019,111816,Hybrid,Manual,First Owner,3847,359,7,2267854
Hyundai,Sonata,2008,148983,Petrol,Automatic,Third Owner,2469,348,7,1665067
BMW,X5,2016,29509,Hybrid,Automatic,Third Owner,2549,246,5,3794793
Volkswagen,Passat,2014,8914,Hybrid,Automatic,Second Owner,1402,144,4,1617164
Ford,Kuga,2018,154817,Diesel,Manual,Second Owner,1786,206,5,1242816
Kia,Rio,2015,159038,Diesel,Automatic,Third Owner,1166,85,4,1188139
Hyundai,Elantra,2008,6707,Hybrid,Automatic,Third Owner,2600,269,4,1770674
Toyota,Corolla,2020,137094,Petrol,Manual,First Owner,3737,168,7,1952762
Mercedes,C200,2009,22359,Diesel,Manual,Third Owner,3655,212,4,2848438
Mercedes,GLA,2010,229876,Hybrid,Automatic,First Owner,2856,278,4,3259406
Ford,Kuga,2024,56353,Hybrid,Automatic,Third Owner,2684,391,4,2918101
Toyota,RAV4,2019,62805,Hybrid,Automatic,Second Owner,1068,323,5,2382568
Hyundai,Tucson,2017,107429,Petrol,Manual,Third Owner,2839,141,7,1331874
Hyundai,Sonata,2012,161319,Petrol,Automatic,First Owner,3275,117,7,1236693
Ford,Mondeo,2023,246914,Diesel,Manual,First Owner,3315,378,4,2104559
Ford,Mondeo,2008,109144,Hybrid,Automatic,First Owner,1799,171,4,1228733
Hyundai,Elantra,2010,39777,Diesel,Automatic,Third Owner,1701,173,5,1419219
Hyundai,Elantra,2022,147786,Petrol,Automatic,First Owner,1839,154,7,1588295
Toyota,Corolla,2013,5121,Diesel,Manual,First Owner,2728,191,7,1492168
Volkswagen,Polo,2012,127612,Diesel,Automatic,Second Owner,1496,167,4,1037523
Hyundai,Elantra,2017,85503,Diesel,Manual,Third Owner,1690,366,5,1463143
Toyota,Corolla,2020,82074,Hybrid,Manual,First Owner,2766,211,5,2049597
Toyota,Corolla,2022,58710,Hybrid,Automatic,First Owner,2631,310,7,3014122
Toyota,Corolla,2022,199226,Diesel,Manual,First Owner,1307,77,4,1207788
Volkswagen,Passat,2023,239426,Hybrid,Manual,First Owner,3573,169,5,1926708
Kia,Sportage,2013,155082,Hybrid,Automatic,Third Owner,3012,380,5,2202202
BMW,X5,2015,234306,Hybrid,Manual,First Owner,3110,160,7,2951257
Volkswagen,Polo,2021,12643,Diesel,Manual,Third Owner,2841,81,5,1735431
Ford,Kuga,2021,110586,Hybrid,Manual,Second Owner,2959,101,5,1648056
Ford,Mondeo,2015,241011,Diesel,Manual,First Owner,2495,71,5,986876
Kia,Rio,2010,177729,Petrol,Manual,First Owner,3577,248,5,1408399
Volkswagen,Passat,2010,108116,Hybrid,Automatic,First Owner,2372,346,5,2112295
Toyota,RAV4,2016,111151,Hybrid,Manual,Third Owner,1298,337,7,1980669
Ford,Focus,2010,154584,Petrol,Automatic,Third Owner,2629,303,7,1545624
Toyota,RAV4,2016,66661,Diesel,Automatic,Third Owner,1066,151,4,1505007
Toyota,Camry,2009,163640,Hybrid,Manual,Third Owner,3221,291,7,1722142
Kia,Cerato,2016,138001,Diesel,Manual,Second Owner,3480,242,7,1597891
Kia,Cerato,2010,174678,Petrol,Automatic,Second Owner,2850,390,7,1667103
Kia,Sportage,2009,187263,Hybrid,Automatic,First Owner,2462,161,4,1362552
Kia,Sportage,2022,107366,Diesel,Manual,Third Owner,3689,165,4,2083471
Kia,Sportage,2016,104732,Petrol,Manual,Third Owner,3571,306,5,1705319
Kia,Cerato,2023,105787,Hybrid,Manual,Third Owner,3353,293,7,2253747
Hyundai,Tucson,2012,224426,Petrol,Automatic,Third Owner,3362,170,5,1305162
Volkswagen,Passat,2018,183667,Hybrid,Manual,Second Owner,3635,165,7,1798049
Volkswagen,Passat,2019,18597,Hybrid,Automatic,First Owner,3717,254,5,2631357
Hyundai,Tucson,2018,184729,Diesel,Manual,First Owner,3756,133,4,1463034
Mercedes,GLA,2013,209047,Hybrid,Automatic,Second Owner,2099,198,4,3008275
Kia,Sportage,2022,160607,Diesel,Manual,First Owner,2445,383,5,2326515
BMW,X3,2015,171185,Petrol,Automatic,Second Owner,1910,169,7,2576494
Kia,Rio,2018,111142,Petrol,Automatic,First Owner,3803,237,4,1916391
Kia,Sportage,2023,51635,Diesel,Automatic,First Owner,3357,157,5,2127291
Kia,Rio,2015,95000,Hybrid,Automatic,First Owner,1915,328,4,1920771
Kia,Cerato,2020,101791,Diesel,Manual,Third Owner,3005,335,5,2058289
Hyundai,Tucson,2018,9097,Hybrid,Automatic,Second Owner,3785,217,5,2741276
BMW,320,2014,85378,Hybrid,Manual,Third Owner,3098,365,4,3709576
Ford,Focus,2023,162024,Diesel,Manual,First Owner,1815,337,7,1975307
Mercedes,GLA,2015,75551,Petrol,Manual,Second Owner,1860,271,5,2866373
Toyota,Camry,2017,123928,Petrol,Automatic,Second Owner,1828,124,4,1293889
Volkswagen,Passat,2019,167366,Petrol,Automatic,Second Owner,3981,338,4,2201138
BMW,X5,2022,228231,Diesel,Manual,First Owner,3542,206,4,3142180
Volkswagen,Tiguan,2011,79312,Petrol,Manual,Second Owner,1726,303,5,1600022
Kia,Cerato,2011,187472,Hybrid,Automatic,Third Owner,1246,379,7,1893109
Ford,Focus,2023,6763,Diesel,Automatic,First Owner,1962,333,7,2296555
Kia,Sportage,2020,47674,Petrol,Automatic,Third Owner,2753,283,4,2262077
Mercedes,GLA,2024,113924,Diesel,Automatic,Second Owner,2223,155,4,3467835
Hyundai,Tucson,2018,138748,Diesel,Automatic,Third Owner,3589,243,7,2139376
Kia,Sportage,2019,213824,Diesel,Automatic,First Owner,3056,135,5,1755333
Kia,Rio,2010,217970,Hybrid,Automatic,Second Owner,1104,139,4,924895
Toyota,Corolla,2012,215140,Diesel,Automatic,Third Owner,1940,370,7,1464091
BMW,320,2015,39374,Hybrid,Manual,Second Owner,2299,105,4,2889965
Toyota,Camry,2018,130967,Petrol,Manual,Third Owner,3592,287,7,1859263
Volkswagen,Passat,2011,79425,Diesel,Automatic,Third Owner,3149,385,5,2095953
Hyundai,Tucson,2023,42767,Diesel,Manual,Second Owner,2839,396,5,2628416
Volkswagen,Polo,2021,44244,Hybrid,Manual,First Owner,2500,333,7,2457619
Volkswagen,Passat,2019,80474,Petrol,Manual,Third Owner,1894,158,7,1420174
Kia,Rio,2012,54918,Petrol,Manual,First Owner,3484,143,7,1393027
Toyota,RAV4,2017,168595,Petrol,Manual,Second Owner,1033,116,7,832488
BMW,X5,2016,133329,Petrol,Manual,Third Owner,3264,307,5,3603872
Toyota,RAV4,2013,206047,Diesel,Automatic,Third Owner,3892,114,7,1065556
Hyundai,Elantra,2013,240890,Diesel,Automatic,Second Owner,2314,203,7,1250531
Mercedes,GLA,2016,131834,Petrol,Automatic,First Owner,3339,86,5,3255722
BMW,X3,2010,138936,Hybrid,Automatic,Second Owner,3693,353,4,3659597
Volkswagen,Passat,2020,18918,Hybrid,Manual,Third Owner,2800,131,7,1981158
Hyundai,Elantra,2010,124843,Hybrid,Manual,First Owner,2814,181,7,1371297
Volkswagen,Tiguan,2013,224640,Petrol,Automatic,First Owner,1706,149,7,1002061
Kia,Cerato,2014,199247,Diesel,Manual,First Owner,2749,237,7,1512283
Ford,Kuga,2010,172865,Diesel,Manual,Third Owner,3255,143,4,668240
BMW,X5,2019,189148,Petrol,Manual,Second Owner,3277,227,5,3360769
Hyundai,Elantra,2023,194998,Hybrid,Automatic,Third Owner,3019,182,4,1954260
Ford,Mondeo,2017,69785,Petrol,Automatic,Second Owner,2039,365,5,2088782
Kia,Cerato,2011,52306,Diesel,Automatic,First Owner,1765,362,4,1750751
Hyundai,Elantra,2013,19532,Diesel,Manual,Third Owner,3440,309,7,1987718
Hyundai,Tucson,2011,61160,Diesel,Automatic,First Owner,3373,355,7,1781411
BMW,320,2012,12360,Hybrid,Manual,First Owner,2492,273,7,3500905
Ford,Kuga,2009,148649,Petrol,Manual,First Owner,1182,205,7,1146148
Hyundai,Tucson,2022,140954,Hybrid,Automatic,Second Owner,3800,177,7,2126115
Volkswagen,Tiguan,2019,179941,Hybrid,Automatic,First Owner,1969,396,7,2403923
Hyundai,Elantra,2009,57951,Petrol,Automatic,Second Owner,1967,268,7,1399850
Toyota,RAV4,2018,33699,Diesel,Manual,Second Owner,1667,177,7,1589035
Kia,Rio,2008,209195,Petrol,Manual,Third Owner,3403,248,7,1114932
Toyota,Corolla,2017,57124,Diesel,Automatic,Third Owner,3094,168,4,1723628
Kia,Rio,2008,156138,Diesel,Automatic,First Owner,1861,373,5,1572554
Toyota,RAV4,2011,43059,Diesel,Manual,Third Owner,1618,147,4,1344734
BMW,320,2011,232208,Hybrid,Automatic,Second Owner,2911,141,4,2846098
Toyota,RAV4,2010,35391,Petrol,Automatic,Second Owner,1428,136,4,1291381
Toyota,Corolla,2009,122044,Petrol,Automatic,Third Owner,3167,294,4,1421971
BMW,X3,2014,14705,Diesel,Manual,Second Owner,2557,242,4,3015674
Kia,Rio,2013,124365,Hybrid,Automatic,Third Owner,1424,146,5,1550730
BMW,320,2010,79566,Petrol,Automatic,Third Owner,3149,141,5,3088335
Ford,Focus,2018,40293,Petrol,Automatic,Second Owner,1527,78,7,1496806
BMW,X3,2019,96743,Hybrid,Automatic,First Owner,3683,70,4,3437005
Volkswagen,Tiguan,2019,38607,Hybrid,Automatic,First Owner,1398,187,5,2049879
Toyota,Corolla,2016,55005,Diesel,Automatic,Third Owner,2337,346,5,1917978
Hyundai,Sonata,2012,60577,Petrol,Automatic,First Owner,1639,83,4,1222873
Hyundai,Elantra,2021,37273,Diesel,Manual,Second Owner,1945,355,5,2287053
Mercedes,C200,2013,162041,Hybrid,Manual,Second Owner,3944,113,5,2932204
Hyundai,Tucson,2008,113092,Petrol,Manual,First Owner,2152,341,7,1278609
Toyota,Camry,2018,73435,Petrol,Manual,First Owner,3872,216,4,1913811
BMW,320,2011,9419,Hybrid,Automatic,Second Owner,3033,358,7,3815604
Hyundai,Sonata,2021,239105,Diesel,Manual,Second Owner,2813,372,7,1913820
Ford,Mondeo,2019,79722,Diesel,Manual,First Owner,2029,315,4,2197364
BMW,X5,2022,118818,Petrol,Manual,First Owner,3273,100,4,3066260
Ford,Kuga,2011,15152,Petrol,Manual,Third Owner,2689,353,4,1751794
Toyota,Camry,2020,77396,Petrol,Automatic,First Owner,2735,334,4,2193326
Kia,Rio,2024,30540,Hybrid,Automatic,Second Owner,1439,145,7,2328898
Toyota,RAV4,2011,94841,Hybrid,Manual,Second Owner,1345,170,7,1259884
Toyota,Camry,2022,31651,Petrol,Manual,Second Owner,3918,187,5,1994492
Toyota,Corolla,2017,99665,Hybrid,Automatic,Second Owner,2229,172,5,2113215
BMW,320,2014,11498,Petrol,Automatic,First Owner,2429,342,7,3809294
Volkswagen,Polo,2022,116649,Hybrid,Automatic,Third Owner,2039,324,4,2392488
BMW,320,2008,92493,Petrol,Manual,Third Owner,2648,150,5,2207233
Mercedes,E200,2020,119506,Petrol,Manual,Second Owner,3396,102,7,3176515
BMW,320,2023,9975,Petrol,Manual,Second Owner,2650,282,5,3629855
Toyota,Camry,2018,169321,Hybrid,Manual,First Owner,1477,95,5,1439001
Kia,Sportage,2022,37590,Diesel,Manual,First Owner,3683,204,7,1791754
BMW,X3,2010,220101,Hybrid,Automatic,Third Owner,1012,231,4,2922987
Volkswagen,Tiguan,2010,88012,Petrol,Manual,Second Owner,3500,381,7,1619800
Toyota,RAV4,2017,174498,Hybrid,Automatic,Second Owner,3482,340,5,2482918
Volkswagen,Passat,2010,57078,Diesel,Automatic,Third Owner,1492,282,5,1516784
Kia,Cerato,2017,31753,Diesel,Automatic,First Owner,1608,180,5,1534603
Mercedes,C200,2023,130800,Hybrid,Automatic,First Owner,1955,159,5,3518094
Hyundai,Elantra,2014,198191,Hybrid,Automatic,Third Owner,3328,128,7,1725765
Hyundai,Elantra,2010,191512,Diesel,Manual,Second Owner,3704,141,4,1040960
BMW,X5,2009,140153,Diesel,Manual,First Owner,1364,280,4,2661955
Ford,Focus,2008,170366,Hybrid,Automatic,First Owner,3235,112,4,1620984
Mercedes,GLA,2024,161099,Hybrid,Automatic,First Owner,1458,112,5,3141865
Toyota,RAV4,2024,169091,Hybrid,Automatic,Third Owner,3081,85,4,2279049
Kia,Sportage,2016,84721,Hybrid,Manual,First Owner,1492,301,5,1922511
Kia,Cerato,2015,154707,Diesel,Automatic,Second Owner,1047,346,4,1527818
Toyota,Corolla,2016,146582,Petrol,Automatic,Second Owner,2311,312,7,1633938
Toyota,Corolla,2014,104680,Hybrid,Manual,Second Owner,3439,276,4,1968121
Ford,Kuga,2010,249881,Petrol,Automatic,Third Owner,3418,208,4,1371185
Kia,Cerato,2021,151719,Hybrid,Manual,Second Owner,3974,270,7,2298529
Volkswagen,Polo,2009,75027,Petrol,Automatic,First Owner,3922,130,5,1639919
Ford,Focus,2021,34489,Diesel,Automatic,First Owner,3024,352,7,2296945
BMW,320,2023,79479,Hybrid,Manual,Second Owner,3960,263,5,4040728
Toyota,Camry,2020,52638,Diesel,Manual,Third Owner,2727,397,5,2108414
Ford,Kuga,2020,105592,Hybrid,Manual,Third Owner,2084,383,5,2413460
Toyota,Camry,2022,139139,Diesel,Manual,First Owner,2818,75,4,1564955
Kia,Sportage,2011,106170,Petrol,Manual,Second Owner,3375,194,7,1265795
Hyundai,Sonata,2012,5089,Hybrid,Manual,Second Owner,3189,274,7,1662539
Volkswagen,Tiguan,2015,165977,Petrol,Automatic,First Owner,2058,272,5,1636588
BMW,X3,2022,162795,Hybrid,Manual,Second Owner,1090,389,4,3775920
Toyota,Camry,2010,61217,Petrol,Manual,Second Owner,3708,377,7,1936910
Ford,Focus,2014,192363,Diesel,Manual,First Owner,1873,313,7,1564091
Hyundai,Elantra,2018,53910,Petrol,Manual,Second Owner,2315,354,7,1863771
Toyota,Camry,2018,209409,Hybrid,Manual,First Owner,2475,212,5,1784464
Hyundai,Elantra,2016,37655,Hybrid,Manual,Second Owner,2302,86,4,1763866
Volkswagen,Polo,2016,12406,Hybrid,Automatic,Second Owner,1258,310,7,1972099
Hyundai,Tucson,2010,207479,Hybrid,Manual,Third Owner,2059,374,7,1676839
Kia,Cerato,2009,148315,Hybrid,Manual,Second Owner,2891,352,4,1691393
Toyota,Camry,2010,121090,Diesel,Automatic,Third Owner,1428,185,5,1122291
Kia,Rio,2020,169256,Diesel,Automatic,Third Owner,2729,385,7,2285489
Kia,Cerato,2015,188207,Hybrid,Automatic,Third Owner,3533,351,5,2207951
Mercedes,GLA,2020,153693,Diesel,Manual,Second Owner,2393,371,5,3377707
Mercedes,GLA,2009,34005,Petrol,Manual,Third Owner,3453,162,4,2810062
Ford,Kuga,2023,99716,Petrol,Automatic,Third Owner,1182,249,4,1787281
Toyota,Camry,2010,115751,Hybrid,Manual,First Owner,3441,345,7,1784274
Ford,Mondeo,2014,115427,Diesel,Manual,Second Owner,3905,134,4,1491801
Kia,Cerato,2016,90892,Diesel,Manual,Second Owner,2988,73,4,1076596
Toyota,RAV4,2017,216548,Petrol,Automatic,Third Owner,3377,198,4,1718400
Toyota,Camry,2020,103315,Hybrid,Automatic,Third Owner,3280,384,5,2814758
Hyundai,Sonata,2021,18107,Diesel,Automatic,Second Owner,1662,77,5,1396714
Mercedes,E200,2019,133458,Diesel,Automatic,Third Owner,1119,362,5,3354299
Ford,Mondeo,2018,62863,Petrol,Manual,Second Owner,1535,194,5,1668640
Mercedes,E200,2020,210331,Petrol,Manual,Second Owner,2378,218,4,2833863
Toyota,Camry,2018,163243,Hybrid,Automatic,First Owner,1219,74,7,1371703
Volkswagen,Polo,2013,229283,Petrol,Manual,First Owner,1623,220,4,1054193
Ford,Mondeo,2021,236041,Diesel,Automatic,Second Owner,2643,138,5,1636876
Kia,Rio,2020,12274,Petrol,Manual,First Owner,2150,121,4,1562721
Mercedes,GLA,2016,144829,Hybrid,Automatic,First Owner,1025,344,4,3434465
Toyota,Camry,2024,108830,Diesel,Automatic,Third Owner,1523,170,4,2049145
BMW,X3,2019,121415,Petrol,Automatic,Second Owner,1552,279,5,3598304
Ford,Focus,2021,24959,Petrol,Manual,First Owner,1219,174,7,1764760
Mercedes,C200,2023,94692,Petrol,Automatic,Second Owner,3852,371,7,4178713
Hyundai,Tucson,2009,125901,Hybrid,Automatic,Third Owner,1691,258,5,1475608
Kia,Rio,2017,38532,Petrol,Manual,Third Owner,2328,199,5,1495069
Ford,Mondeo,2009,13240,Hybrid,Automatic,Second Owner,2251,258,5,1984547
Volkswagen,Polo,2018,198925,Petrol,Manual,First Owner,1456,141,4,1135809
BMW,X3,2022,79833,Hybrid,Automatic,Third Owner,3542,113,5,3964373
Hyundai,Sonata,2014,68673,Hybrid,Automatic,Third Owner,3627,155,5,2091771
BMW,320,2014,232438,Hybrid,Automatic,Third Owner,1695,107,5,2531411
Mercedes,GLA,2008,176718,Hybrid,Manual,First Owner,3485,268,4,3197106
Ford,Focus,2016,91232,Hybrid,Manual,First Owner,2583,381,4,2107776
Mercedes,GLA,2024,222512,Petrol,Automatic,Third Owner,1939,239,4,3285730
Mercedes,C200,2009,229877,Hybrid,Manual,Third Owner,1283,272,5,2700226
Hyundai,Tucson,2017,139791,Petrol,Automatic,Second Owner,1705,212,5,1855518
Mercedes,GLA,2019,73590,Diesel,Automatic,First Owner,3177,177,7,3888357
Mercedes,GLA,2010,129547,Hybrid,Manual,Second Owner,3885,352,4,3594664
Toyota,RAV4,2018,68156,Hybrid,Manual,First Owner,3198,303,7,2273408
Kia,Cerato,2016,234148,Hybrid,Automatic,Third Owner,3326,366,5,2325779
Kia,Cerato,2024,208531,Petrol,Manual,Second Owner,2288,316,7,2049286
Volkswagen,Passat,2023,32434,Diesel,Automatic,Third Owner,1563,199,5,1968981
BMW,320,2010,230928,Hybrid,Automatic,Third Owner,2034,159,5,3010025
BMW,320,2015,160292,Diesel,Manual,Third Owner,1964,191,7,2736026
Ford,Focus,2012,34551,Hybrid,Automatic,First Owner,2605,150,7,1871309
BMW,320,2024,232261,Hybrid,Manual,Third Owner,3367,355,4,4027916
BMW,320,2011,16739,Petrol,Manual,First Owner,1942,159,4,2768559
Toyota,Corolla,2024,106171,Diesel,Automatic,Second Owner,1469,93,4,1766349
Kia,Cerato,2023,192397,Diesel,Manual,First Owner,3243,112,5,1439068
BMW,X5,2020,213891,Petrol,Automatic,First Owner,3967,190,7,3258522
Mercedes,E200,2015,173074,Petrol,Manual,Second Owner,2131,285,7,2770978
Volkswagen,Passat,2014,87539,Diesel,Automatic,Third Owner,2295,120,4,1435097
Toyota,Corolla,2008,124811,Diesel,Manual,First Owner,2515,212,5,1174468
Volkswagen,Tiguan,2020,119697,Petrol,Automatic,First Owner,3822,93,5,1835071
Hyundai,Tucson,2020,115646,Diesel,Manual,First Owner,1053,271,5,1855331
Mercedes,C200,2010,189570,Petrol,Automatic,First Owner,2830,347,5,3112020
Toyota,Camry,2016,207486,Hybrid,Automatic,First Owner,3141,384,4,2416489
Mercedes,GLA,2014,117694,Diesel,Manual,Second Owner,3269,142,5,2646206
Kia,Cerato,2020,46761,Diesel,Automatic,First Owner,3162,189,7,1995213
Hyundai,Tucson,2024,240328,Hybrid,Manual,Second Owner,3167,398,5,2593724
Ford,Kuga,2010,100442,Petrol,Automatic,Third Owner,2756,162,5,1444881
Hyundai,Elantra,2022,240088,Diesel,Manual,Third Owner,3435,191,4,1568478
Toyota,Corolla,2012,118144,Hybrid,Automatic,Second Owner,3584,337,7,2233072
Kia,Rio,2020,8851,Diesel,Manual,Third Owner,1023,362,5,1813066
BMW,320,2022,99688,Diesel,Automatic,First Owner,2886,319,5,3777469
Mercedes,GLA,2010,180889,Hybrid,Manual,Second Owner,2215,267,7,3071529
BMW,320,2011,147032,Hybrid,Manual,Second Owner,1376,381,7,3301116
Kia,Sportage,2012,119227,Diesel,Manual,First Owner,1577,378,5,1618195
Mercedes,GLA,2010,122775,Petrol,Automatic,Third Owner,3995,257,5,3203666
BMW,320,2019,183524,Diesel,Automatic,Second Owner,1185,233,5,3044261
Ford,Kuga,2012,5756,Hybrid,Manual,First Owner,2503,324,4,1974889
Volkswagen,Tiguan,2008,197496,Petrol,Manual,Third Owner,2635,182,7,960082
Mercedes,E200,2016,18851,Diesel,Manual,First Owner,1557,212,5,3088993
BMW,X3,2013,246052,Hybrid,Automatic,Third Owner,2146,72,4,2733598
Toyota,Camry,2024,175904,Hybrid,Manual,First Owner,3821,204,7,2152436
Hyundai,Elantra,2010,40717,Diesel,Manual,Second Owner,3221,261,4,1231214
Hyundai,Elantra,2009,211124,Diesel,Manual,First Owner,1475,364,5,1323574
Toyota,RAV4,2013,226207,Diesel,Manual,Third Owner,1352,231,4,906060
Hyundai,Elantra,2009,200000,Diesel,Manual,Second Owner,1218,361,4,1005783
BMW,320,2009,126208,Petrol,Automatic,Third Owner,2285,77,4,2536855
Hyundai,Sonata,2010,234967,Hybrid,Automatic,Third Owner,3913,237,7,1650714
Mercedes,C200,2012,214046,Hybrid,Automatic,Second Owner,3429,354,7,3730248
BMW,X5,2019,39473,Hybrid,Automatic,Second Owner,2934,129,5,3726204
Ford,Kuga,2010,168684,Hybrid,Manual,Second Owner,1828,229,7,1411867
Toyota,Corolla,2010,14311,Diesel,Automatic,First Owner,1629,250,7,1335834
Volkswagen,Tiguan,2020,63138,Hybrid,Manual,First Owner,2918,221,4,2345715
Ford,Kuga,2019,119779,Diesel,Manual,Second Owner,1620,285,7,1705129
Toyota,Camry,2016,148044,Diesel,Manual,Third Owner,2758,299,4,1609720
Kia,Cerato,2015,193153,Diesel,Automatic,Third Owner,3061,169,7,1466852
Mercedes,C200,2018,214768,Petrol,Automatic,Third Owner,2220,277,4,2929528
Kia,Rio,2018,92554,Petrol,Automatic,Second Owner,2133,95,5,1533639
Mercedes,E200,2018,97389,Petrol,Automatic,Second Owner,1653,175,7,2936266
BMW,X3,2008,160731,Petrol,Automatic,Second Owner,1438,91,5,2018837
Volkswagen,Tiguan,2017,196527,Petrol,Manual,First Owner,1408,112,4,719792
Hyundai,Tucson,2020,29839,Hybrid,Manual,First Owner,2345,221,7,2311475
Hyundai,Tucson,2020,19151,Hybrid,Manual,First Owner,3596,82,5,1911708
Volkswagen,Tiguan,2019,246009,Petrol,Automatic,Second Owner,3861,112,7,1747191
BMW,320,2010,179813,Petrol,Manual,Second Owner,2285,359,5,2800253
Ford,Focus,2008,46394,Diesel,Manual,First Owner,2308,126,5,712308
BMW,X3,2013,242635,Diesel,Automatic,Second Owner,3595,386,5,3201501
Toyota,Camry,2017,16488,Diesel,Manual,Second Owner,3884,167,4,2002495
Hyundai,Tucson,2009,248990,Diesel,Automatic,Third Owner,1114,188,7,765735
Ford,Focus,2009,7548,Diesel,Automatic,Third Owner,3547,180,5,1534710
Ford,Kuga,2008,58284,Hybrid,Manual,First Owner,2136,248,4,1547834
Toyota,Corolla,2021,16955,Hybrid,Automatic,First Owner,1294,347,5,2652957
Volkswagen,Tiguan,2011,63033,Hybrid,Automatic,Third Owner,3525,159,7,2017793
Mercedes,E200,2015,243368,Diesel,Automatic,First Owner,1187,255,5,2996088
Toyota,Corolla,2009,111838,Diesel,Manual,Third Owner,1078,273,7,1016558
Hyundai,Tucson,2009,24316,Hybrid,Automatic,Third Owner,2799,314,5,1907310
Toyota,RAV4,2015,130562,Hybrid,Automatic,Third Owner,3786,134,7,1829756
BMW,X3,2014,154494,Diesel,Automatic,Third Owner,3862,261,4,3361854
Toyota,Corolla,2020,133654,Diesel,Automatic,First Owner,2368,237,4,1735828
BMW,320,2019,222171,Petrol,Manual,Second Owner,1870,264,5,2802585
Mercedes,C200,2020,53141,Diesel,Manual,Second Owner,3200,200,4,3425286
Kia,Rio,2013,178406,Hybrid,Manual,First Owner,1906,227,5,1439290
Ford,Focus,2010,8993,Hybrid,Manual,Third Owner,1163,399,5,1958883
Ford,Kuga,2009,98367,Petrol,Manual,Third Owner,3215,354,5,1506741
Kia,Sportage,2015,8655,Petrol,Manual,First Owner,2572,271,5,1761429
BMW,320,2008,78817,Hybrid,Automatic,Second Owner,2368,358,7,3353931
Ford,Kuga,2022,89745,Hybrid,Manual,First Owner,1700,373,7,2541539
Kia,Sportage,2017,48905,Diesel,Manual,First Owner,1984,284,7,1915077
Ford,Focus,2008,236930,Hybrid,Manual,Second Owner,2515,251,7,953961
BMW,320,2016,126095,Diesel,Manual,Third Owner,3440,134,4,2759383
Hyundai,Elantra,2010,215017,Diesel,Manual,First Owner,3923,351,4,1311436
BMW,320,2021,188611,Petrol,Manual,Third Owner,3490,157,4,2991274
Mercedes,GLA,2011,141905,Hybrid,Automatic,Third Owner,1017,257,7,3048724
Toyota,Camry,2011,207585,Petrol,Automatic,First Owner,3193,260,5,1246333
Kia,Cerato,2010,196451,Hybrid,Automatic,Third Owner,2899,310,4,1678669
Volkswagen,Tiguan,2011,105065,Hybrid,Manual,Third Owner,1206,243,4,1277676
Hyundai,Tucson,2014,22607,Hybrid,Automatic,Third Owner,1633,330,7,2255826
Hyundai,Elantra,2024,77380,Diesel,Automatic,First Owner,3692,119,7,2106941
BMW,320,2023,47601,Petrol,Manual,First Owner,3257,179,7,3382587
Mercedes,GLA,2012,168911,Petrol,Manual,Third Owner,1636,100,5,2284101
Toyota,Camry,2016,132736,Diesel,Manual,Third Owner,1539,338,7,1528375
Toyota,Corolla,2021,99346,Hybrid,Manual,Third Owner,1041,134,7,1601709
Volkswagen,Tiguan,2008,38444,Petrol,Manual,First Owner,2134,146,4,1259229
Ford,Focus,2012,192941,Diesel,Automatic,Second Owner,1520,122,4,1148187
Mercedes,GLA,2014,15860,Petrol,Manual,Second Owner,2374,94,5,2564442
Mercedes,E200,2014,5756,Hybrid,Manual,Second Owner,3929,374,4,4137297
Ford,Mondeo,2022,125481,Diesel,Automatic,Third Owner,1393,382,7,2334697
BMW,320,2010,184250,Petrol,Manual,Third Owner,1367,282,7,2369310
Ford,Kuga,2010,128122,Diesel,Automatic,Third Owner,1167,151,7,1119122
Volkswagen,Tiguan,2014,36282,Petrol,Automatic,First Owner,3216,211,4,2068025
Kia,Sportage,2020,47520,Petrol,Manual,First Owner,1485,284,5,1669328
Toyota,RAV4,2009,101178,Diesel,Automatic,Second Owner,2610,305,4,1464018
Hyundai,Elantra,2020,248757,Petrol,Manual,Third Owner,3097,271,5,1797185
Mercedes,C200,2017,157361,Diesel,Automatic,Second Owner,3687,88,5,3049052
Hyundai,Sonata,2014,184531,Diesel,Manual,Third Owner,1920,360,5,1601659
Mercedes,C200,2017,174665,Hybrid,Automatic,First Owner,2858,167,4,3397958
Ford,Focus,2020,40308,Diesel,Manual,First Owner,2210,145,5,1671988
BMW,X5,2012,246076,Hybrid,Automatic,Third Owner,3272,234,5,2984677
Volkswagen,Passat,2011,183042,Hybrid,Manual,Third Owner,3019,374,7,2028863
Kia,Rio,2021,43671,Hybrid,Manual,Third Owner,2274,113,7,2061696
Kia,Cerato,2020,74119,Petrol,Manual,Third Owner,2387,192,4,1655403
Volkswagen,Polo,2022,53931,Diesel,Manual,Second Owner,3177,190,4,1937166
BMW,X5,2014,218709,Petrol,Manual,First Owner,1322,257,7,2373715
Kia,Sportage,2020,12337,Diesel,Automatic,Second Owner,2912,269,7,2361764
Kia,Cerato,2016,135909,Diesel,Automatic,Second Owner,3403,207,7,1841940
Ford,Kuga,2018,57263,Diesel,Manual,Second Owner,2518,358,5,2048845
Ford,Mondeo,2020,106360,Hybrid,Automatic,First Owner,2764,176,5,2310533
BMW,320,2013,94982,Diesel,Automatic,First Owner,3193,74,7,2773874
Mercedes,GLA,2017,138181,Petrol,Automatic,First Owner,2634,375,4,3690928
Mercedes,E200,2020,109090,Diesel,Automatic,First Owner,1462,192,4,3028170
Hyundai,Sonata,2012,67809,Diesel,Manual,Second Owner,1743,267,4,1389799
Ford,Mondeo,2009,180032,Diesel,Manual,First Owner,1644,282,4,1015382
Mercedes,E200,2017,60965,Hybrid,Manual,Second Owner,3320,281,4,3762366
Volkswagen,Polo,2015,32328,Hybrid,Manual,First Owner,3187,400,7,2407964
Volkswagen,Passat,2023,144153,Diesel,Manual,First Owner,1492,110,5,1340773
Volkswagen,Tiguan,2022,29216,Hybrid,Automatic,Second Owner,1640,177,5,2353975
Ford,Kuga,2016,198757,Petrol,Automatic,Third Owner,2886,202,5,1474871
Ford,Kuga,2023,17742,Petrol,Automatic,First Owner,3632,153,7,2000829
Ford,Kuga,2008,186272,Hybrid,Automatic,Second Owner,1604,183,5,1487993
Hyundai,Sonata,2012,156336,Diesel,Automatic,Third Owner,2326,278,4,1738446
BMW,X5,2008,34222,Diesel,Manual,Third Owner,1191,392,7,2796366
Mercedes,C200,2022,249430,Hybrid,Manual,First Owner,2505,236,7,3470346
Kia,Cerato,2009,14533,Petrol,Manual,Second Owner,3795,161,7,1317237
BMW,320,2017,53839,Diesel,Automatic,Third Owner,1798,131,5,3079045
Toyota,RAV4,2017,64430,Hybrid,Manual,First Owner,2630,340,7,2309773
Volkswagen,Passat,2023,48117,Petrol,Manual,First Owner,1811,263,7,1947754
Mercedes,E200,2012,140816,Diesel,Manual,Third Owner,1109,377,7,2809653
BMW,X3,2023,210545,Petrol,Automatic,First Owner,3945,261,7,3569578
Mercedes,GLA,2014,243431,Petrol,Manual,First Owner,1617,397,7,2810759
Ford,Mondeo,2015,188320,Hybrid,Manual,Third Owner,3471,381,4,2021736
Toyota,Camry,2019,228573,Diesel,Manual,Second Owner,1923,136,4,1111227
Hyundai,Sonata,2010,137979,Diesel,Manual,Second Owner,2626,116,4,800578
Kia,Sportage,2009,139073,Petrol,Automatic,Third Owner,3039,131,7,1257511
Ford,Focus,2014,104911,Petrol,Manual,First Owner,3012,133,4,1497564
Hyundai,Elantra,2019,174032,Hybrid,Manual,Third Owner,3776,356,7,2271328
BMW,X3,2010,230189,Diesel,Automatic,Third Owner,2073,343,5,2943982
Ford,Mondeo,2023,57508,Diesel,Automatic,Second Owner,1536,144,4,1900336
BMW,X3,2012,42128,Petrol,Manual,Third Owner,1434,381,5,3254144
Mercedes,C200,2019,151856,Hybrid,Manual,Third Owner,3723,393,4,3998631
BMW,X3,2019,111175,Petrol,Automatic,First Owner,3531,242,4,3673702
Mercedes,GLA,2009,240986,Diesel,Manual,Third Owner,3957,315,4,2921415
Toyota,RAV4,2011,144348,Petrol,Automatic,Second Owner,3800,321,5,1648154
Toyota,Corolla,2008,132288,Hybrid,Automatic,First Owner,3289,226,4,1824147
Volkswagen,Tiguan,2018,43927,Petrol,Manual,First Owner,2578,159,5,1729439
Volkswagen,Passat,2024,210663,Diesel,Automatic,First Owner,3338,312,7,2144881
Mercedes,E200,2010,87268,Hybrid,Automatic,Second Owner,1184,255,5,3146254
Mercedes,GLA,2010,214527,Petrol,Manual,Second Owner,1354,289,7,2599045
Mercedes,C200,2010,153432,Hybrid,Automatic,Second Owner,2754,209,4,3097338
Kia,Cerato,2010,156055,Hybrid,Automatic,Third Owner,1866,372,5,2058736
Hyundai,Tucson,2023,98782,Petrol,Manual,Second Owner,1002,140,4,1807316
Mercedes,C200,2021,46496,Hybrid,Manual,First Owner,3550,324,4,3981610
BMW,X3,2010,44235,Diesel,Manual,First Owner,3341,194,7,2690523
Hyundai,Tucson,2020,126309,Hybrid,Automatic,Second Owner,1148,359,7,2362654
Hyundai,Elantra,2010,48246,Diesel,Automatic,Second Owner,1947,110,7,1278792
Ford,Focus,2012,119779,Hybrid,Automatic,Third Owner,1115,305,5,1755562
Volkswagen,Tiguan,2024,145185,Hybrid,Automatic,Third Owner,3231,285,5,2824769
BMW,X3,2014,170403,Hybrid,Automatic,First Owner,1472,378,4,3324203
Volkswagen,Polo,2018,85941,Petrol,Manual,Third Owner,3752,366,7,2309855
Mercedes,C200,2015,37686,Petrol,Manual,First Owner,1495,370,4,3232998
Mercedes,C200,2019,132477,Diesel,Automatic,Second Owner,3306,397,5,4131352
Ford,Mondeo,2023,6805,Hybrid,Manual,First Owner,1574,285,7,2683867
Hyundai,Sonata,2017,86051,Hybrid,Automatic,Second Owner,2642,222,7,2014199
Hyundai,Tucson,2022,247052,Diesel,Manual,Second Owner,1824,267,5,1464562
Hyundai,Tucson,2009,72353,Diesel,Manual,First Owner,2665,195,5,1321482
Mercedes,GLA,2015,128275,Petrol,Manual,Third Owner,2581,209,7,2845030
Hyundai,Tucson,2013,126740,Diesel,Manual,First Owner,3600,359,7,1827208
Mercedes,C200,2020,63389,Diesel,Manual,First Owner,3845,259,7,3601280
Hyundai,Tucson,2008,51988,Diesel,Automatic,First Owner,1661,340,4,1307223
Hyundai,Sonata,2014,116821,Diesel,Manual,First Owner,2286,384,5,1767182
Kia,Cerato,2018,165359,Diesel,Automatic,Second Owner,2695,292,4,1800072
Mercedes,E200,2016,234286,Diesel,Manual,Second Owner,3904,201,4,2845559
Ford,Mondeo,2011,108683,Hybrid,Manual,Third Owner,1993,202,5,1653128
Kia,Sportage,2017,64353,Hybrid,Automatic,Second Owner,2080,78,7,1539817
Ford,Kuga,2013,43300,Petrol,Manual,Third Owner,2344,326,5,1851980
BMW,X3,2023,194673,Petrol,Automatic,First Owner,2020,150,4,3096809
Toyota,RAV4,2022,38839,Petrol,Manual,First Owner,2960,92,5,1654357
Mercedes,E200,2024,96159,Petrol,Automatic,Third Owner,3907,281,5,4114787
Mercedes,E200,2012,230219,Petrol,Manual,First Owner,1041,91,5,2074219
